source,nickname,date,title,text,href
dc,ㅇㅇ,2023.01.09 23:07:07,"CGV 웃남 후기(스포,불호 있음)","

웃남 삼연만 본사고 초연 가든파티가 궁금해서 봤는데...초연의 문제라기보다는 편집의 문제 같다...  
180분짜리 극이 아무리 인터미션이 없어도 160분만에 되나 했는데 ,전체적으로 빠른 느낌이고 대사도 많이 잘린 느낌  
배우들이 길게 끌면서 부르는 부분들도 많이 짧아진 느낌..  
삼연이랑 비교해서 달라진 부분, 삼연에서 못 봤던 배우들 느낌 위주로 쓸게  
+삼연이랑 비교하다보니 배우 비교도 조금 들어갔는데 표현 문제되는 부분 지적해주면 고치겠음  
- 극 시작 초반부의 우르수스의 나레이션  
콤프라치코스, 콤프라치코스!!! 콤프라치코스가 17세기 영국에서 도망친다!!  이 부분 정확한 대사는 모르겠는데 일단 콤프라치코스, 콤프라치코스, 콤프라치코스! 라고 부르는 부분 없었고, 콤프라치코스가 상처입힌 사람들 얼굴 없었음  
- 콤프라치코스 도주 장면  
어린 그윈플렌이 떠나가는 배 향해서 ""안돼!!!!!""하자마자 장면 끊기고 넘어가서, 콤프라치코스들 고해성사? 반성 넘버 없음. 이것만 보면 하커가 누군지 감도 안 잡힐듯. 컨퀘스트 박사가 어린 그윈한테 ""하커의 술병을 어서 던져""라고 한 대사에서만 하커 이름이 나와서 놓치기 쉬운거 같다...  
- 어린 그윈과 데아의 첫 만남  
세종보다는 무대가 작아서 그런지, 세종에서는 잘 안 보였던 목매달아 죽은 시체 그림자도 크게 잘 보였음. 삼연에서는 어린 그윈들이 ""응! 데아! 널 데아라고 부를게!""라는 느낌이었다면, 감독판 초연에서는 ""음..데아! 널 데아라고 부를게!""여서 좀 더 자연스러웠던거 같음  
근데 삼연에서도 눈보라 앙들이 합창 부를 때 남자 앙들 목소리도 들렸나??? 영화관에서 들으니 남자앙들 목소리가 잘 들려서 낯선 기분  
- 세상은 잔인한 곳  
어린 그윈 말투가 삼연에서는 ""-데요""라서 좀 더 반항적인? 느낌이라면 초연은 ""-에요""라서 살짝 착한 느낌  
""웃는 거 아니에요"" - ""웃는 거 아닌데요""  
""아뇨, 그윈플렌이에요"" - ""아뇨, 그윈플렌인데요?""  
""동생 아니에요"" - ""동생 아닌데요""  
우르수스가 넘버 부를 때 어린 그윈이 하하 웃는 게 두번인가 있었던거 같음  
- 가든 파티  
드디어 초연 또또또 가든 파티 들어봤다.. 난 삼연이 익숙해서 그런가 삼연 가든 파티 넘버가 더 좋은 것 같아. 근데 초연 가든 파티 가사가 앤 여왕과 조시아나 사이 나쁜 걸 더 잘 보여줘서 좋은 듯.  
'또 한판 붙겠네 여왕과 조시아나  
언니인 여왕 예쁜 그녈 증오하지'나 '배다른 동생 더러운 탄생 여왕의 콧댈 높여줬어'이런 가사?  
근데 앤 여왕 등장하기 전에 또 편집 됨. 앤 여왕은 2막 여왕의 명령에서 처음 나옴...  
- 어둠의 세계로  
급 데이빗과 조시아나가 함께 있고 어둠의 세계로 부르고 있음  
?????????????? 대체 왜 이렇게 편집한거지????  
앤 여왕이 누군지, 데이빗과 조시아나가 언제 약혼한지도 모르겠는데??? 그리고 페드로가 조시아나한테 병마개 제거사 시켜달라고 한 부분도 없이 급 어둠의 세계로 부르면서 퇴장하고 페드로가 수상한 냄새가 난다며 따라가면서 끝  
- 일단 와  
초반에 극단 단원들 소개하는 멘트는 이름은 모르겠는데 키 작고 모자쓴 앙이 거의 다 함. 삼연에서는 남반여반앙이 마지막에 여자 차례인데 남자인거 들키면서 끝났는데, 여기서는 쪽 키스 날리려고 해서 소개하는 앙이 그만하라고 함.  
나타샤와 곰 이반 나올 때 채찍 소리 없어서 찰진 느낌 덜 했음  
와펜테이커가 하커 잡아갈 때도, 초반에 콤프라치코스 부분 다 잘라먹어서 갑자기 하커를 왜? 이런 느낌이 좀 들었어  
- 대혼란을 무찌르다  
우르수스가 복화술 할 때 삼연에서는 ""어머~너무 예쁘다아/아\아""면 초연에선 ""어머~너무 예쁘다""  
""저기요!불이 났어요오오/오\오""도 ""마차가 쓰러졌어요""였나 아무튼 짧아서 덜 재밌고 아쉬웠음... 어린 그윈플렌 만날 때의 이야기 할 때도 눈밭에서 헤매던 깡윈이 이리 저리 왔다갔다 쭈구린채로 돌아다니는건 없었고""바다와 같은 마음으로 받아들인 것이었다"" 없고 ""그냥 받아줬지 뭐""이런 식이었던 듯  
- 나무 위의 천사  
와.. 경아데아 눈 먼 연기 진짜 잘한다. 삼연 세종에서는 오글로 보고, 영화관에서는 좀 더 가까이 포커스 잡아서 보여줘서 그런지 몰라도 경아데아는 진짜 눈 안 보이는거 같아. 그래서 엔딩 때 죽기 직전 빛 보이는 연기 차이가 확 느껴져서 좋았어.  
아쉬운 점은 뮤비보다는 경아데아 노래가 꾀꼬리 느낌이 덜 해서 아쉬웠는데, 나위천 이후에 나오는 넘버들은 꾀꼬리여서 좋았어.  
- 결투/웃는 남자  
음... 뭐라고 해야하지. 그윈플렌과 톰짐잭이 싸울 때 초반에 나온 노래가 뽕짝 느낌이 덜해서? 좀 밋밋한 느낌.. 조시아나가 앉은 자리가 세종때보다 많이 밑에, 거의 바닥이랑 비슷한 높이여서 그윈이 톰짐잭이랑 싸우면서 조시아나 근처에 갔을 때, 신시아나가 그윈 얼굴 만지려 했던거 같아.  
피비인가 비너스가 와펜테이커인 척 할 때 허술해서 와펜테이커 느낌이 안 났어....  
깡윈이 ""부자들의 낙원은 가난한 자들의 지옥으로 세워진 것이니까요""할 때 신시아나 표정 크게 보여준거 좋았는데, 그 말 듣고 불쾌해했음. 세종에서는 이 때 조시아나 표정 잘 못 본거 같았는데 좋아. 근데 발 쾅쾅하면서 분위기 고조시키는건 덜 해서 아쉬웠어.  
신시아나가 그윈한테 반하자, 조휘 데이빗은 화가 난 표정? 어이없어하는 표정이라 신선했어  
- 궁전  
여기도 대사가 잘린건가? 궁전이 너무 갑자기 시작하는 느낌이었고, 좀 빠르고 빨리 끝난 느낌. 무슨 차이인지는 모르겠는데 삼연 데아들은 그윈보다 성숙하고, 순수하게 밝게 웃는 느낌이라면 경아데아는 딱 그 나이대 소녀? 어리고,해맑고,천진무구하고 좀더 꺄르르르 웃는 느낌이라 신선했어.  
근데 가든파티에서 앤 여왕 나오는 부분을 통편집해서, 비너스가 ""나랑 닮았어""드립 치는게 생뚱맞게 느껴짐  
- 나와 닮은 사람, 내 안의 괴물  
삼연이랑 비교했을 때 신시아나가 덜 촐싹거리고 장난기도 덜 해서, 그윈플렌보다 나이가 많은 전형적인 오만한 귀부인 같았어. 개인적으로는 삼연 조시아나들이 그윈한테 장난치면서 꺄르르하는 느낌이 더 좋아.. 삼연에서 후원? 난 그 이상을 바라는건데~?하던 조시아나들 그립다..  
나닮사,내안괴도 곡이 짧고 빠른 느낌이 좀 들었어  
- 캔잇비  
세종보다 무대가 작다보니.. 그윈이 갇혀있는 느낌이 나서 아쉬웠어. 아니 그윈이 꿈을 못 펼치고 갇혀있는건 맞는데 흠... 그냥 너무 꽉 찬 느낌이라 웃남 무대 특유의 미장센이 덜 느껴져서 아쉬워.  
- 어딨어?/데이빗경의 유혹  
데아가 부르는 넘버에 캔잇비 맆 같은 부분이 있었고 더 길었어. 그윈이 없어서 불안해하고 외로워하는 데아 느낌이 잘 나서, 이 부분은 삼연에서 왜 줄인건지 아쉽네.  
데이빗이 데아 ㄱㄱ하려할 때는 경아데아 진짜 울부짖듯이 겁먹어서 소리치고 버둥거리고 연기 너무 잘했어.  
근데 그 후에 깡윈이 나타나서 ""무슨 일이에요?""라던가 상황파악하는? 그런 대사가 없었던건지 너무 갑자기 행권으로 넘어간 느낌 났어  
- 행복할 권리  
초연 '결혼이나 해' - 재연 '사랑을 지켜' - 삼연 '네 자릴 지켜'로 바뀐 부분인거 같은데 갑자기 결혼이나 해라고 해서 음?  
오케 좀더 빵빵하게 들렸어도 좋았을 듯. 양파파가 깡윈 걱정하는게 좀 더 느껴진 것 같아서 좋았음  
- 눈물은 강물에  
배우 비교 될거같아서 조심스러운데.. 삼연 피비,비너스에 비해 뽕짝 느낌이 덜해서 눈물은 강물에 넘버가 그.. 뽕 느낌?이 덜 했어ㅠ삼연 피비,비너스가 진짜 잘한거였구나.. 그리고 무대가 좁아서 여앙들이 너무 다닥다닥 붙어서 춤 추는 느낌이었고, 데아가 그릇 깡깡 치는 부분 좋아하는데 그것도 없어서 아쉬웠어  
- 내 삶의 전부  
그윈이 데아한테 가면서 ""데아, 데아! 미안해"" 이런 대사 없이 데아 한번 부르고 여앙들 퇴장하고 갑자기 내삶전 시작해서 ...? 초연 경아데아가 성녀 느낌보단 그윈 나이 또래, 혹은 그윈보다 어린 소녀 느낌이 나서 내삶전에서는 첫사랑 고백하고 받아들여져서 행복해하는 풋풋한 소녀 느낌이 났어.  
내삶전 끝나고 데아가 ""오늘 밤 나랑 같이 있어줘""하니까 깡윈은 ""..어?""하는 듯한 표정이라 깡윈은 그런 의미로 말한게 아닌데 하는 느낌 들었어.  
- 눈물의 성, 말도 안돼  
와펜테이커 등장 좀 뜬금없는 느낌이었고, 초반에 콤프라치코스 부분 다 잘려서 하커가 너무 뜬금없이 나온 느낌.. 그리고 하커 대사톤이나 연기가 좀 어색해서, 마약해서 부들부들 떠는 느낌..  
갑자기 페드로가 병마개 제거사로 나오는데 이것도 앞에서 잘려서 어색하고.. 아,대신 페드로가 그윈의 정체 밝히는 부분은 페드로 노래 파트 좀 더 있었던거 같다  
- 자장가 리프라이즈  
없음.  2막 시작하면 그윈이 침대의 천사 그림 보면서 자장가 맆 부르는거 좋아하는데 없어서 아쉬움  
- 각하의 소유  
바로 페드로가 나타나서 줄 당기는거 알려주고, 시종들 나타남  
- 눈물의 성 리프라이즈  
우르수스가 시체 옮기는 수레 발견하고 다가가니까 와펜테이커가 ""비키세요!"" 대사 치면서 우르수스 창?으로 밀어내는거 맘찢..  
페드로가 여기서 우르수스한테 그윈이 입던 옷, 금화 주는게 아니라  
- 막은 안 올라  
갑자기 막은 안 올라로 넘어감 ...? 막은 안 올라 부르기 전에 페드로가 그윈 옷, 금화 주는데 이 타이밍이 너무 눈새같고요..페드로가 나타나는 타이밍도 삼연이 나은 듯  
아 삼연에서는 우르수스가 그윈플렌 목소리 흉내내는 부분이 초연에서는 그윈플렌 목소리로 넘버 반 대사 반으로 달랐던 듯 
- 내 삶의 전부 맆, 무너져 내릴 마음  
첫사랑에게 버림 받아서 충격받은 데아를 잘 표현해줬고, 숨 헐떡이는 것도 어떻게 보면 과장같고, 어떻게 보면 바로 죽을 것 같았어. 양파파 무너져 내릴 마음은 삼연보단 하늘을 덜 원망하고, 살짝 덤덤한 느낌도 들었는데 차라리 삼연처럼 뭐라도 원망해요ㅠㅠㅠㅠㅠ참지 말아요ㅠㅠ  
-모두의 세상  
갑자기 모두의 세상..? 파파랑 데아 가슴 저렇게 다 찢어놓고?? 갑자기 과거 회상 나오고 모세 나오니까 너무 어색했어 근데 ""똥강아진 이 세상을 바꿀 순 없어"" 부를 때 어린 그윈이 우르수스 흉내내면서 불러서 이건 좋더라ㅋㅋ  
아무튼 앞뒤 없이 갑자기 부잣집에서 헤헤헤하던 그윈이 급 각성하는 느낌이라 너무 어색해.. 감독판만 보면 그윈 너무 생각없어 보이는 캐 같잖아ㅜ 얘 아까까지 헤헤헤 부자 좋아하던 애라구요ㅜ 친부모 궁금해하지도 않고ㅜ  
- 몽타쥬  
없음. 영화판 그윈은 친부모에게 관심 없어보임..  
- 아무 말도/여왕의 명으로  
갑자기 아무 말도??????? 여기서도 조시아나가 그윈이랑 쎄쎄쎄하는건 없고 덮치기 바빠 보였...다.. 조시아나가 뭐라 떠들든 니 맘대로 하세요 하면서 포기+짜증내다 옷 벗겨져서 당황한 깡윈ㅋㅋㅋ  
여왕의 명으로 넘버가 좀 더 길고 웅장했던거같은데 영화판에서는 앤 여왕이 처음 나온거라 너무 어색함.... 그리고 그윈플렌 얼굴 보고도 별로 안 놀라서 아쉽고  
- 검투  
갑자기 조시아나랑 있던 침실에서 그윈과 데이빗이 싸움  
근데 침대 올라갔다 내려갔다하면서 싸우는건 괜찮긴 하던데, 데이빗이 ""내가 클랜찰리 공작이야!""하는 대사 대신 ""난 데이빗 더리모어야!!""라고 해서 클랜찰리 공작 자리에 대한 욕심이 덜 보인거 같음  
- 행복할 권리 맆  
데이빗이 어린 그윈 훔치는거 말할 때, 잠옷 차림의 신시아나가 엿듣고 놀라는 건 좋았어. 뒤에서 조시아나가 어떻게 이 사실을 알고 데이빗에게 얘기하는지 설명되는 부분인거 같아서.  
- 우린 상위 1%  
아..이 부분 대사는 진짜 바꾸길 잘한 듯. 조시아나 등장하니까 '남자를 많이 기쁘게 할 여자죠?' '저런 여자면 내가 해볼텐데' 뭐 이런 식의 대사가 몇개 나와서 기분이 좀 그랬어  
앤 여왕이 여기서도 아쉽긴 하더라..앤 여왕이 우스꽝스럽고 무식해보여도 여왕의 위엄도 있어야하는데 가벼워보여서ㅠ 그리고 분장도 덜 나이들어보이는 느낌이어서 더 그런거 같음  
상원의원장이 늘봄배우같아보여서 지킬 스트라이드 생각나서 ""스트라이드씨 바로 본론으로 들어가시지"" 생각났는데 엔딩 크레딧에 늘봄 배우 없더라.... ㅠㅠ 피비 배우가 상원 의원에도 나오는 것도 처음 알았어  
그윈이 반대할 때 삼연에서는 엄지를 바닥으로 내리는 제스쳐였는데, 영화판에서는 그냥 손 들었음  
- 그 눈을 떠  
넘버 감상은 아닌데..그..그윈 푸들 가발이..초연 버전은 너무 부실해서..  
  이런 싸구려 양털 뽀글이 재질로 만든 보풀 엄청 잘 생기는 군밤장수 모자같았다...그럼에도 불구하고 깡윈이 부르는 그눈떠는 너무 좋았다.. 
  - 웃는 남자 
  개인적으로는 그윈이 좀 더 깽판쳐줬으면!! 삼연보다 얌전한 느낌 들었다 
  - 내 삶을 살아가 
  없음. 조시아나 라식 실패 
  신시아나가 데이빗한테 지금 떠나면 여왕한테는 말 안하겠다고 할 때, 삼연에서는 데이빗이 자기나 조시아나나 똑같다고 비웃고 갔는데 그것도 없고, 내 삶을 살아가도 없으니 너무 밋밋해.. 
  거기다 신시아나가 페드로한테도 병마개 제거사로 했던 일을 비난하는데 이 부분도 신시아나가 페드로한테 병마개 제거사 허락한 게 빠져서 좀 부자연스럽고 
  - 2막 피날레 
  여기도 뭐가 문제인지 모르겠는데ㅠㅠ양파파랑 경아데아가 나위천 부를 때 깡윈이 너무 갑자기 나타난 느낌 들었어ㅠㅠ그리고 제대로 들은건지 모르겠는데 깡윈이 ""사랑하는 데아""라고 부른거 같아서 흠칫 
  경아데아 죽기 직전 빛 보고 눈에 빛이 돌고, 깡윈 얼굴 만지면서 쳐다보다 죽는 연기 너무 좋았어 
  - 캔잇비 맆 
  그윈이 데아 안고 바다로 들어가기 전에, 우르수스가 그윈 한번 만지고? 끄덕하면서 보내주는 건 좋은듯. 삼연에서는 너무 불효자 엔딩이라... 
  근데 삼연에서도 그윈이랑 데아가 하늘 위에 떠있을 때 다같이 합창했던..가..? 영화판 볼 땐 합창소리가 너무 큰 느낌이라 감동이 오히려 깨져서 아쉬웠고 
  세종에서는 보라색 천이 덜 펼쳐져서 아쉽다길래 초연 버전 궁금했는데 난...큰..차이..모르..겠..다... 
  일단 삼연에 익숙해서인지 초연 넘버순서들(막은 안 올라-내삶전 맆-무너져 내릴 마음-모세-아무말도)도 어색하고, 통편집 된 것도 어색하고, 노래 속도도 빠르고 대사도 어딘가 편집돼서 사라져서 급전개 느낌 나서 아쉬웠어...웃남 노잼라이팅 당하는거 이해가 잘 안됐는데 영화판만 보면 노잼라이팅 공감할 수 있을거같아..그래도 초연 못사였는데 편집된게 많아서 본사라고 할 순 없지만 맛보기라도 할 수 있어서 좋았다. 특히 오글로만 봤던 표정들을 영화판에서 가까이 찍어줘서 잘 보인건 좋음. 

",https://gall.dcinside.com/mini/board/view/?id=theatergoing&no=54436&s_type=search_subject_memo&s_keyword=웃는 남자&page=1
dc,ㅇㅇ,2022.12.28 16:17:03,웃는 남자 재연 프콜 포스트 오랜만에 보자,"

예술의 전당 오페라극장 공식 블로그에 올라온 포스트인데 2020년도 포스트임
https://blog.naver.com/i_love_sac/221776072257
 
[현장취재] 규현·수호·박강현 그윈플렌과 함께한 뮤지컬 <웃는 남자> 프레스콜!
안녕하세요! 예당지기입니다. 1월 14일, 예술의전당 오페라극장에서 특별한 행사가 진행되었는데요. 뮤지컬...
blog.naver.com
ㅁㅈㅅ ㅂㅂㅈㅇ

",https://gall.dcinside.com/mini/board/view/?id=theatergoing&no=52086&s_type=search_subject_memo&s_keyword=웃는 남자&page=1
dc,ㅇㅇ,2022.12.28 11:32:41,ㅃ 웃는 남자는 감독판이라고 뜨네,"

무슨 차이려나..?
뮤지컬에 감독판이 있을 수 있나?

",https://gall.dcinside.com/mini/board/view/?id=theatergoing&no=52046&s_type=search_subject_memo&s_keyword=웃는 남자&page=1
dc,ㅇㅇ,2022.12.20 15:03:41,제7회 한국뮤지컬어워즈 최종 후보작 떴어,"

[제7회 한국뮤지컬어워즈 최종 후보작(자)]
📌작품 부문
🔹대상
라흐 헤스트
렛미플라이
쇼맨
실비아, 살다
아몬드
프리다 : The Last Night Show
🔹작품상
- 400석 이상
데스노트
마틸다
미세스 다웃파이어
웨스트 사이드 스토리
킹키부츠
- 400석 미만
금란방
렛미플라이
쇼맨_
포미니츠
프리다 : The Last Night Show
 📌배우 부문
🔹주연상
- 여자
김소향(프리다 : The Last Night Show)
김수하(아이다)
유리아(리지)
이자람(서편제)
차지연(서편제)
- 남자
강홍석(킹키부츠)
서경수(킹키부츠)
윤나무(쇼맨)
정성화(미세스 다웃파이어)
홍광호(데스노트)
 🔹조연상
- 여자
김선영(데스노트)
김소향(웨스트 사이드 스토리)
김지우(킹키부츠)
이영미(리지)
최정원(마틸다)
- 남자
강홍석(데스노트)
백형훈(지저스 크라이스트 수퍼스타)
서경수(데스노트)
양준모(웃는 남자)
최재림(썸씽로튼)
 🔹신인상
- 여자
김태희(미세스 다웃파이어)
류인아(데스노트)
솔라(마타하리)
유연정(리지)
임하윤, 진연우, 최은영, 하신비(마틸다)
- 남자
곽다인(비더슈탄트)
신은총(지저스 크라이스트 수퍼스타)
이형훈(렛미플라이)
황건하(어차피 혼자)
황휘(쓰릴 미)
 🔹앙상블상
데스노트
미세스 다웃파이어
썸씽로튼
웨스트 사이드 스토리
지저스 크라이스트 수퍼스타
 📌창작 부문
🔹프로듀서상
김미혜, 박민선(미세스 다웃파이어)
김영욱, 이성훈, 임양혁, 송한샘(더 테일 에이프릴 풀스, 리지, 웨스트 사이드 스토리)
박명성(마틸다, 아이다)
신춘수(데스노트)
이헌재(김종욱 찾기, 더 라스트맨, 배니싱, 사의찬미)
홍승희(더모먼트, 라흐 헤스트, 미아 파밀리아)
🔹연출상 
김동연(데스노트)
김태형(금란방)
김태형(리지)
박소영(쇼맨)
추정화(프리다 : The Last Night Show)
🔹극본상
강남(포미니츠)
조민형(렛미플라이)
추정화(프리다 : The Last Night Show)
한아름(작은아씨들)
한정석(쇼맨)
 🔹음악상 
- 작곡
맹성연(포미니츠)
민찬홍(렛미플라이)
이선영(쇼맨)
프랭크 와일드혼(웃는 남자)
허수현(프리다)
- 편곡/음악감독
김문정(웨스트 사이드 스토리)
김성수(지저스 크라이스트 수퍼스타)
민찬홍(렛미플라이)
양주인(리지)
양주인(킹키부츠)

",https://gall.dcinside.com/mini/board/view/?id=theatergoing&no=50905&s_type=search_subject_memo&s_keyword=웃는 남자&page=1
dc,ㅇㅇ,2022.10.22 19:09:57,인천 동구콘 스토리오브더뮤직 끝,"

더라키 넘버 많았고 다들 컨디션도 좋아보였음
이오 일본콘 준비 하나봄 
+ 셋리
Think of me - 오페라의 유령 (정하은)
Over the rainbow (정하은)
The impossible dream - 맨오브라만차 (박시원)
날 시험할 순간 - 더 라스트 키스 (박시원)
사랑이야 - 더 라스트 키스 (김소향)
You raise me up (김소향)
지금 이 순간 - 지킬 앤 하이드 (카이)
나비 - 스토리 오브 마이 라이프 (카이)
Once upon a dream - 지킬 앤 하이드 (정하은)
I could have danced all night - 영화 마이 페어 레이디 (정하은)
Tonight - 웨스트 사이드 스토리 (박시원, 정하은)
I Can't Recall - 두 도시 이야기 (박시원)
영웅 - 영웅 (박시원)
난 나만의 것 - 엘리자벳 (김소향)
내안의 괴물 - 웃는 남자 (김소향)
너의 꿈속에서 - 프랑켄슈타인 (카이)
내일로 가는 계단 - 더 라스트 키스 (카이)
알 수 없는 그곳으로 - 더 라스트 키스 (카이, 김소향)
앵콜) 10월의 어느 멋진 날에 (다같이)

",https://gall.dcinside.com/mini/board/view/?id=theatergoing&no=44666&s_type=search_subject_memo&s_keyword=웃는 남자&page=1
dc,ㅇㅇ,2022.09.28 15:15:43,남덕인데 화장실 유일하게 줄 섰던 극 하나 있음,"

어그로 아니고 팩트로 쓰는 글임
지킬 라만차 프랑켄 데스노트 등등 피케팅하는 극들 다 봤지만
보통 인터미션때 남자 화장실은 무조건 프리패스였는데
남자 화장실 줄서아 했던 유일한 극은
박효신 웃는 남자였음 진짜임...
당연히 널널할줄 알고 5분 남기고 화장실 갔다가 식겁했..

",https://gall.dcinside.com/mini/board/view/?id=theatergoing&no=41963&search_pos=-43174&s_type=search_subject_memo&s_keyword=웃는 남자&page=1
dc,ㅇㅇ,2022.09.05 11:04:42,코노 가서 유사그윈 되기도 가능할듯,"

나위천-캔잇비-모두의 세상-그 눈을 떠-웃는 남자-캔잇비맆(캔잇비 또 신청해서 가사 바꿔서 1절만 부르지뭐ㅋㅋㅋ) 와 여기도 라인업 지린다 

",https://gall.dcinside.com/mini/board/view/?id=theatergoing&no=38164&search_pos=-43174&s_type=search_subject_memo&s_keyword=웃는 남자&page=1
dc,ㅇㅇ,2022.08.25 03:42:41,웃는 남자,"

끝났잖아
그럼에도 머리속에서 계속 떠오르는 영상, 연기, 감정은 은읜막공이고
노래, 넘버, 동작은 쿄윈막공이야
은윈은 감성에 감동받아 가슴아팠고
쿄윈은 긴호흡과 성량과 케미에 감탄했고
이에 못지않게 떠오르는 넘버 탑은 향시아나의 내안의 괴물과
영주여왕의 1프로
막공날 두 배우의 음이 머리속에서 생생하다
그립네

",https://gall.dcinside.com/mini/board/view/?id=theatergoing&no=35809&search_pos=-43174&s_type=search_subject_memo&s_keyword=웃는 남자&page=1
dc,ㅇㅇ,2022.08.24 17:32:31,웃남 뮤지컬과 소설의 가장 큰 방향성 차이는 '행복'같음,"

* 긴 글+엄청난 주관주의
웃는남자 뮤지컬에서는 행복을 둘러싼 다양한 군상들이 등장해
자신들의 알량한 행복을 위해 이복동생, 가난한 민중들과 같은 상대적 약자들을 불행에 밀어넣는걸 아랑곳하지 않는 앤 여왕과 상원들
행복을 얻기 위해 잘못된 선택을 했던 데이빗
헛된 행복을 좇다가 진정한 행복을 깨닫고 이를 향해 떠난 그윈과 그런 그를 보고 각성하는 조시아나
죽음의 문턱까지 버티다 마침내 행복을 안고 떠난 데아
행복은 우리 것이 아니라고 입버릇처럼 말하다 정말로 곁에 있던 행복을 잃는 결말을 맞이하는 우르수스
처음에 소설 읽고나서 넘버 예습할 때 가장 의문이 들었던 넘버가 그윈과 파파가 격하게 대립하는 '행복할 권리', 그윈이 상원에서 대놓고 깽판을 치는 '웃는 남자', 조시아나가 각성하는 '내 삶을 살아가'였음
원작에선 우르수스가 세상의 불공평에 눈뜨기 시작하는 그윈한테 쓸데없는 생각 말라고 구구절절 타박하는 장면은 있었어도 직접적으로 강하게 부딪히는 장면은 없었고,
조시아나의 서사는 그윈과의 결혼을 명령받자 홱 돌변해서 나 너 싫어를 시전하는 데서 끝나고,
상원에서의 절규가 실패로 돌아간 후 그윈플렌은 모든 기대와 희망이 꺾이면서 그저 추락하기만 하는 모습을 본
내 원작 감정선으로는 이 넘버들이 솔직히 약간 받아들이기 힘들었거든 대체 어떤 맥락으로 소설을 비튼 걸까 궁금했어
뮤지컬을 보고나니까 소설과 뮤지컬은 기본적으로 방향성이 꽤 다르구나 하는걸 느꼈음
소설의 가장 큰 주제가 가진 자들의 위선을 꼬집고 그들을 비판하는 것이라는 건 의심할 여지가 없음
전에도 후기에 쓴 적 있지만 이 소설의 기본 구도는 모든것을 가진 귀족들의 위선을 초라하지만 아름다운 그윈&데아의 순수함에 대비시켜 더욱 돋보이게 하고, 오히려 그윈의 외양을 일그려놓음으로써 진정한 괴물이 누구인가를 비추는 것이라 생각해
귀족의 자리를 되찾고 잘 풀릴 일만 남은 듯한 그윈의 기대와 희망이 한순간에 박살나고, 여왕에 의해 데아&우르수스의 보금자리까지 파괴당하고 쫓겨나는 것, 그리고 기껏 얻은 영광은 누려보지도 못하고 허무하게 죽음을 맞이하는 그윈&데아의 결말은
상위 1프로에 의해 그저 바스라지는 하위층을 더욱 도드라지게 함
다 가졌지만 괴물같이 추악한 귀족들과 그들의 세계를 견디지못하고 튕겨나와 그저 덧없이 바스라져버린 그윈과 데아의 허무한 결말이 소설에서 차지하는 의미는 소설의 구도를 더욱 돋보이게 하고 귀족들의 괴물성을 극대화시켜주는 장치가 되는 거라고 생각해
뮤지컬에도 당연히 빈부격차, 이기적인 상위 1프로 비판 의식 낭낭함 다만 소설에 비하면 서브텍스트이고, 가장 큰 주제는 '행복을 찾아가는 여정'이라고 느꼈어 그러면 그윈 데아의 결말도 행복의 종착지로 조금더 넓게 해석됨
뮤지컬이 소설에 비해 전반적으로 동화같은 분위기가 물씬 풍기는건 '행복'이라는 가치를 좀더 전면으로 끌어낸 덕도 크다고 봄
행복이라는 관점에서 보니까 뮤지컬이 추가한 스토리들이 좀더 이해가 잘될 것도 같았어
사실 처음엔 단체넘버로 궁전을 그리며 노는 장면이 추가된건 그냥 대극장 뮤지컬다운 밝은 쇼맨십이자 나중에 궁전 간다는 복선 정도로 봤었음
지금은 굳이 궁전을 그리며 행복하게 노는 모습을 보여준 이유가 나중에 그윈이 행복이 있을 거라 믿었던 궁전은 허상이었다는, 상위 1프로에 들어가서 깨달을 좌절과 선명히 대비되게 하기 위함이었을 것 같단 생각이 들어
오히려 함께 궁전을 그려보던 가족들과 유랑극단 품속이 진정한 행복이었다는 아이러니를 보여주면서
소설에서는 그윈이 궁전에 들어가기 전까진 조시아나를 만난 적이 없는데(서신을 읽고 고민하지만 가지 않음) 뮤지컬에선 굳이 접점을 먼저 만든 이유는
그윈이 행복에 대해 꿈꾸기 시작하는 서사를 뚜렷이 부과하기 위해서일 수 있겠고
나중에 내안괴 태그에서 조시아나로부터 상처받는 순간과도 더 강하게 대비돼서 자신이 곁에서 발견하지 못하고 다른 곳에서 찾던 행복의 배신, 행복한 궁전의 허상을 더욱 강조시켜주기도 할 것 같아
그윈이 행복을 꿈꾸는 넘버인 캔잇비와 행복이란 주제로 파파와 강하게 대립하는 넘버인 행복할 권리, 자신만의 행복을 찾아나서기로 결심하는 조시아나 넘버인 내 삶을 살아가가 추가된 건 원작과 뮤지컬의 '행복'이라는 방향성 차이를 가장 극명하게 보여줌
이렇게 보고나니까 새삼 행권이 그윈과 우르수스의 캐릭터성을 잘 비틀어넣어 각색한 넘버라고 느껴졌음 특히 세상 잔인 염불 외는 모습만 보여주던 우르수스의 염세주의적인 캐릭터를 더 풍성하게 보여준게 좋았어
상원에서의 그윈의 실패는 소설을 읽을 때는 상위층을 뜯어고치기 위한 개인의 도전과 실패, 괴물같은 상위 1프로에 의해 파멸당하는 정상적이고 상식적인 개인이라는 '구도'의 느낌을 가장 강하게 받았음 물론 내가 세상을 바꿔볼 수 있겠다는 희망이 좌절되는 순간의 고통이라는 그윈 개인의 감정선도 절절했어
뮤지컬에서도 기본적으론 별반 다르지 않아 다만 내가 뮤를 보면서 추가로 느낀건 이 장면에 궁전에 대해 꿈꿨던 그윈의 행복('친절한 곳일거야 궁전', '우리를 환영해줄 궁전')이 무너지는 감정선이 더해져서 소설에 비해 그윈 개인의 좌절과 분노가 더 강하게 느껴진다는 거였음
그런 맥락에서 그윈이 스스로 괴물이 되어 감정을 터뜨리는 웃는 남자 넘버가 추가된 게 이해가 됐고
처음엔 소설에 비해 많은 묘사들이 생략되고(원작이 원체 길긴 하니까...) 오히려 그 자리를 다른 이야기들로 추가하기도 한게 약간 아쉽기도 했는데 몇 번 보고나니까 좀더 풍성한 이야기들이 읽히면서 소설과는 또다른 맛으로 좋아졌음
근데 문제는 이게 솔직히 뮤지컬을 봤을때 한번에 잘 와닿는 주제는 아니야 행복이라는 추상적인 개념을, 그것도 많은 인물들의 제각기의 이야기로 담아낸다는게
특히나 좀더 명확하고 직관적으로 와닿는 '부자들의 낙원이란 가난한 자들의 지옥으로 이루어져 있다'라는 주제가 함께 있는한 눈길이 처음부터 행복까지 뻗긴 쉽지 않음ㅎ 나도 자첫 때는 생각보다 재밌고 좋긴 한데 뭔가 이야기가 중구난방이라는 결론을 벗어나지 못했으니까
그래도 뜯어볼수록 웃는남자 소설이나 뮤나 진짜 좋은 작품이라 생각해..ㅜ 갠적으로 인생소설에 이어 최애극 등극함
이밑으로는 그냥 뻘소리로 살짝 새보자면
난 소설 읽고나서도 뮤 자첫 후에도 대체 우르수스가 뭘 그리 잘못했는데ㅠㅠㅠㅠ모드였어
그랬다가 갤에서 우르수스의 가장 큰 잘못은 스스로 행복할 수 없다며 행복의 여지를 닫아버린 점이라는 글을 보고 아...! 싶었거든
그래도 유독... 우르수스한테 참 잔인하다 싶어ㅠ
행복에 대해 실수하고 잘못한건 우르수스뿐만이 아니잖아
그렇지만 결과를 보면 앤 여왕과 귀족들은 그냥 작은 난리 하나 겪은게 다고
데이빗은 모든 잘못이 밝혀졌지만 조시아나에 의해 적당히 봐주고 넘어가지는 흐름이고
조시아나는 오히려 새 삶을 열어가게 됐는데
우르수스는 아이들을 잃어
귀족들보다 뭘 더 잘못했는지도 모르겠는데 잃는건 훨씬 커 귀족들 마인드가 우르수스보다 딱히 나은지도 모르겠는데 걔넨 뭐 잃는 것도 없어
그래서 난 여기서도 귀족들과 가난한 자들의 비참함이 대비되는걸 느낌 똑같이 흔들려도 귀족들은 잃을게 없지만 가난한 자들은 가진게 없어도 뭘 쥐어짜내서라도 잃어
따지고보면 그윈도 마침내 데아라는 행복을 영원히 얻었어도 그 과정에서 죽음이 수반됐지
한편으론 이런 삐딱한 생각도 했었어
아니, 돈과 명예 넓은 세상 욕심 좀 내면 안돼? 저 높은 곳에서 행복 좀 찾으면 안돼? 꼭 곁에 있는 행복만이 진정한 행복이어야 하나?
그런 의미에서 권태로운 조시아나도 한편으로는 세상이 편한 자의 배부른 소리라는 냉소적인 생각도 들었고
오바 좀 보태서 아랫것들은 그냥 있던 자리에서 만족하고 기어오르고 뭘 바꾸려하지 말라는 계급론적(?) 억압인가까지 갔음ㅋㅋㅋㅋㅋㅋ
근데 달리 생각해보면 그만큼 상위층은 부족한게 없으면 뭐해 진정한 행복을 찾아볼 환경조차 되지 않는 인간미 없는 곳이라는 신랄한 비판과 풍자인 것 같기도 해
그리고 난 각성한 조시아나에 대해선 참 양가적임ㅋㅋ
캐릭터적으로는 정말 매력있다고 생각해 뮤지컬로 살아움직이는 인물로 보면 더 재밌고ㅋㅋㅋ
그렇지만 그윈의 입장에선 조시아나는 그 누구보다도 자신의 인격을 짓밟은 사람이야 초면부터 내내 만나기만 하면 상대 의사와는 상관없이 덮치려고부터 드는(최대한 봐줘도 냅다 키스부터 갈기려 하는) 사고과정과 행위는 상대방을 한 인간 대 인간으로 봤다면 절대 나올 수가 없어
그리고 실제로 조시아나가 강한 호기심을 보이긴 했어도 절대 그윈을 한 인격체로서 대하진 않았단건 아무말도 가사에서 적나라하게 드러나고 내안괴 태그 가사에선 잔인하다시피 꽂아버림
그윈의 인격을 파괴한다는 점에선 상원에서 괴물이라 조롱하던 귀족들이나 그를 한 남자로서가 아니라 권태를 풀어줄 장난감으로서 탐하던 조시아나나 크게 다르지 않다고 생각해
그래서 난 각성한 조시아나를 마냥 반겨주기엔 다행이다 희망은 있어 vs 그렇다고 이앞에 썅/년짓이 면죄되지는,,, 하는 마음이 양가적임ㅋㅋㅋ
그래도 분명 사람이 변한다는건 큰 의의가 있고 큰 용기가 필요한 일이고, 조시아나의 서사가 행복을 찾는 여정이라는 극의 주제를 좀더 명확히 해주기도 하니까 각색 자체는 맘에 듬
뭔가 할말은 많았는데 표현이 잘됐나 모르겠네ㅎㅎ;;

",https://gall.dcinside.com/mini/board/view/?id=theatergoing&no=35690&search_pos=-43174&s_type=search_subject_memo&s_keyword=웃는 남자&page=1
dc,ㅇㅇ,2022.08.23 20:39:30,0821 은윈 막공 후기(뻘글 긴글 주의),"

  자리는 E 통로쪽 앉았는데 시야 괜찮았어 
  사실 세미막때 펑펑펑 울고 대레전을 맞아버려서인지 
  은윈 막공인데도 막공같지가 않고 
  몰입은 조금 덜 됐던거같아 
  이건 세종 오른쪽 스피커 지지직+삐이이이도 한몫했다 
  그래서 다시 못볼거라는 생각에 
  조연이나 앙들을 좀더 자세히 봤어 
  근데 내삶전부터는 다시 울어버림.. 
  *노선 비교(연뮤는 씨왓. 내가 느낀게 다를 수 있음) 
  정신 연령 : 은윈=솔데아,향시아나<깡윈<<숩데아<신시아나 
  파파랑 싸우면 민파파(애교에 약해서)<은윈<<<양파파 
  깡윈=민파파<<<양파파 
  깡윈 : 눈치가 없는..느낌..? 깡윈에게 데아는 정말 그냥 
  여동생이어서 이성으로 생각도 못 했는데 
  내삶전에서 깨닳은 느낌 
  조시아나와 결혼 명령 받고도 조시아나가 화내는걸 
  ??? 하는 걸 봐서는 아직 세상, 특히 이성에 대해 순수한? 
  눈치없는 그윈 같음 
  은윈 : 정신연령 제일 어린 그윈이지만, 하고 싶은게 많은 
  은쪽이. 은윈에게 데아는 동생 그 이상, 이성적 존재가 아니라 
  정말 삶의 의미인 이상적 존재였을 것 같음 
  솔데아 : 세상에 나쁜 사람은 없을거라 믿은 것 같은 정말 순수하고 착한 금지옥엽 딸. 데이빗 쓰레기씬에서도 일단 데이빗한테 계속 웃어주고, 데이빗이 내민 장미꽃도 만지면서 좋아하긴 함. 내삶전에서는 약간 울컥+빡침 느낌으로 고백한거 같음 
  하지만 은근 고집,강단 있고 눈이 보였으면 그윈만큼 사고쳤을 것 같음 
  숩데아 : 동생이지만 그윈보다 언니답고 어른스럽고, 세상을 어느정도는 알았던 것 같은 데아. 데이빗 쓰레기씬에서도 바로 겁먹고, 내삶전에서는 그윈을 타이르듯, 달래듯 감싸는 느낌이 정말 성녀같고 어른스러움 
  양파파 : 정이 없는 무뚝뚝한 사람이지만, 
  그런 양파파를 세상과 이어주는 존재가 데아, 그윈이었던 것 같음 
  그윈의 선택을 존중하지만 적극적으로 밀어주지는 못 해서 
  차마 두 눈으로 못 보고 마지막까지 등돌린 것 같음 
  민파파 : 정이 많은 사람, 특히 아기들을 너무 좋아하는 
  파파같거나 이전에 아이를 키워본 적이 있을 거 같은..? 
  애기 데아 달래거나 하는게 능숙해서.. 
  그윈한테 세게 말하면서도 본인도 힘들어했을거 같음 
  재관람 N회 혜택 한정 DVD나 오슷이 있다고 하면 
  향시아나 : 진짜 예쁜 돌아이... 한정판이니까 무조건 가져야함!! 
  한정판인게 의미가 큼. 재관람 안하고 플미로 살 듯. 
  그래서 이렇게 자극적인 걸 추구한걸 반성하고 운 것 같음. 철부지 탕진잼 쇼핑왕 아가씨. 자극적이고 레어한게 최고고,  그윈들이랑 정신연령이 같거나 어린.. 
  신시아나 : 안 그래도 할거 없고 따분한데 한정판 주는 김에 재관람 회전 돌아보는걸 나름 신선하고 재밌어할거 같음. 그윈들보다는 어른미. 
  삶이 많이 무료하고 지루하고 권태로운 것 같음. 여왕 느낌. 
  성원데이빗 : 권력,탐욕에 충실한 사람. 그것을 이루기 위해서는 무엇이라도 했을 듯. 데아를 ㄱㄱ한 것도 어느정도는 성욕때문인 것도 있을 것 같음. 조시아나는 출세의 수단 
  타민데이빗 : 탐욕적이기는 하나 부모로부터의 애정결핍 때문인 듯. 조시아나에게 호감이 있으며, 남들에게 관심과 인정을 받고 싶어하는 것 같음. 고 클랜찰리 공작에게 인정만 받았다면 그윈을 유괴하진 않았을 것 같음. 
  *바이올린 연주 
  이상하게 내가 볼 땐 항상 여자분이었는데 
  드디어 남자분을 봐서 좋았으나 
  망할 오른쪽 스피커 지지지직 
  *콤프라치코스 침몰 
  우승앙(컨퀘스트 박사, 의장 등)은 자잘한 배역이 많아서 
  비중이 꽤 있는데 발성이 아쉬워 
  소리가 너무 퍼진다고 해야하나 터진다고 해야하나 
  공기 80%인 느낌? 
  그래도 딱 들으면 우승앙인걸 알 수 있는 특이한 목소리는 
  잘 살리면 매력일텐데 아쉬워 
  *자장가 
  아니 진짜 미니 그윈들 그 광활한 세종에 있으면 
  너무 작고 앙증맞고 귀여워.. 
  특히 윤우 애기 그윈 
  윤우야 사랑한다 
  윤우그윈+아기 데아 첫만남 할미 마음을 제대로 찢었어 
  데아 안기 전에 죽은 엄마 조심조심 톡톡 건드리는 것도 좋아 
  *우르수스와의 만남, 잔인한 세상 
  윤우 그윈이 우르수스 집 처음 들어갈 때도 신기해서 요리조리 
  쳐다보다 우르수스가 문닫으라고 혼내는 것도 좋아 
  ""쩌~~~~~~~~~~~~~~~기 별님""이라고 하는것도 좋고.. 
  윤우가 아기 데아 안을 때도 야무지게 목 받치고 안는거 봤니? 
  윤우야 너도 다음 웃남때 꼭 다시 와 
  양파파는 정말 아기 안 키워봤는데 덜컥 줄줄이 소세지가 생겨서 
  난처해하는거 같아 
  *가든 파티 
  왼쪽 하늘색 남자앙이 조시아나한테 가려다 
  여자앙하게 붙잡히다가 도망치다가 붙잡히다 가는데 
  오른쪽 보라색앙은 가려다 부인?한테 
  부채로 등짝 맞고 못 간거 웃겼어 
  나는 향이 웃을 때 눈꼬리가 저렇게?? 되는게 좋아 
  그래서 가든파티에서도 
  이렇게 앤여왕 맞이하는거 극호 
  타민데이빗은 바람둥이 설정답게 
  입장하면서도 유난히 여자앙들 손에 키스 많이 하더라 
  조시아나와 결혼 명령 받기 전에도 
  계속 못 기다리고 까치발 들었다 내렸다 하는 것도, 
  조시아나한테 손 흔드는 것도, 
  결혼 정해지고 기뻐서 팔짝팔짝 뛰는 것도, 
  페드로한테 자꾸 묻고 나 잘해써??하거나 
  발 동동 굴리는 것도 그렇고 은쪽이 형이 틀림없음 
  타민데이빗 코로나 걸린 후로 처음 봐서 그런가 
  더 반갑고 마음 쓰이더라 
  *어둠의 세계로 
  타민데이빗 ""내겐 너 하나만 있으면 돼"" 하면서 
  무릎  꿇는게 조시아나 사랑 노선 디테일 중 하나라고 생각해 
  향시아나는 데이빗이 ""짜릿한 결혼도 있단 걸 보여줄게""하니까 
  기대도 안한다며 메롱 
  *일단 와, 와펜테이커 등장 
  남자 바이올린 앙 돈 들고 오라며 
  짤랑짤랑 손짓하는거 웃겼어ㅋㅋㅋ 
  왼쪽 구석에서 나타샤나 도마뱀 인간한테 
  꼬리로 맞으면서 놀기도 하고 
  와펜테이커 나오면 남반여반 포스터 뒤로 숨음 
  *대혼란을 무찌르다 
  우르수스가 빨리 공연 시작 안 하니까 
  ""그만하고 공연이나 하시지""했다가 주변에서 야유하니까 
  타민데이빗이 ""재밌었어? 미안해""하면서 눈치보는거 
  어린 시절 관심 못 받아서 자신감 없고 관심 필요해하는 
  데이빗으로 느껴지는데 한몫했어 
  우르수스가 ""이름이 왜 3개냐. 아빠가 결정장애야?""할 때 상처받는 것도 
  *나무 위의 천사 
  은윈 공기 반 소리 반. 합격 
  평소보다 공기 비중이 더 높아서 개막 초반 은윈 같았어 
  은언니를 바이올린에 비유를 많이 하는데 
  난 나위천에선 플룻같고 
  캔잇비 바이올린 
  각소( 그↗리↗고↗ 더↗)나 
  모세(세상 밝히↗리↗라↗↗↗)에서는 
  악기알못이라 미안한데 바순?? 팀파니 같은 
  웅장함+묵직함이 느껴지는 것 같아 
  은언니 혼자서 관현악단 하자(??) 
  *결투/웃는 남자 
  타민데이빗 중간에 ""우르르르?""하면서 추임새 넣은거 같고 
  조시아나한테 나 잘하지?? 나 보고있어?? 라면서 
  조시아나 쳐다보는거 마음 아파.. 
  숩데아는 극중극에서 재밌어하는 것도 처음 봤어 
  솔데아는 극중극 내용답게 놀라는 표정이었던거 같아서. 
  양파파가 은윈한테 ""살살해""하는건 
  은윈이 진짜 어디로 튈지 몰라서 그러는거 같아 
  ""심지어 당신들을 위해 목숨을 바치든!!""할때까진 
  사납게 조시아나를 쳐다보다 
  ""신경쓰지 마세요! 우릴 보고 웃을 수만 있다면 그만이잖아요"" 
  하면서 웃음으로 감추는 은윈 연기 호 
  파파가 잔소리할 때 은윈 드립 
  요즘은 대사가 좀 바껴서 
  퓽하고 귓속에 꽂히겠어요!!! 였나?? 
  *궁전 
  그윈이랑 데아 춤추기 전에 
  이 부분에서 숩데아가 은윈 목도리 붙잡고 
  얼굴 파묻는 것도 처음 봤는데 그냥 좋더라 
  *나와 닮은 사람 
  나 은향 페어를 제일 좋아하는데ㅋㅋㅋ 
  비글(은윈)과 
  캣초딩(향시아나)의 만남같아서 좋아ㅋㅋㅋ 
  둘다 귀엽고 골때리고 재밌어ㅋㅋㅋㅋㅋㅋ 
  나닮사에서 향시아나가 속삭이듯? 나긋나긋하게 말할땐 
  진짜 강아지한테 '우쭈쭈'하면서 유혹하는 느낌 들었어 
  '가까이 내 곁으로 와 내가 꿈꿔온 나만의 괴물' 가사에서는 
  이렇게 목도리로 그윈한테 장난치는거 
  진짜 향시아나 돌아이 맞고... 
  향시아나에게 그윈 = 강아지, 장난감... 
  +깡윈은 아예 몸 반이 밖으로 튀어나갔던듯 
  미친 돌아이 상대 안 해요.. 
  향시아나 특히 좋아한 부분 
  그윈한테 꼬시려고 귓속말로 나긋나긋 말하는거 
  극호 
  이럴때는 향시아나 진짜 골때리는거 같아ㅋㅋㅋ 
  은윈의 ""여기 이 여자는 날 보고도 날 원해""는 
  조시아나에게 이성적 호감을 갖는다기 보다는 
  나를 괴물이 아닌 인간으로 봐주는 것에 대한 
  놀람+의심+안도? 
  은윈이 튕기니까 향시아나 어? 어? 어?하다 
  은윈 사라짐 
  목도리 뺏는 것도 웃겨서ㅋㅋㅋ 
  *내 안의 괴물 
  한정판 격하게 원하는 물욕 만땅 향시아나... 
  나닮사의 
  '나와 닮은 사람 진실을 깊이 숨겨둔 그 미소가'라는 
  가사도 그렇지만 
  내안괴의 
  '온 세상이 우리 둘 앞에 무릎 꿇게 만들어줘'라는 가사도 
  이날따라 좀 다르게 느껴졌어 
  가든파티에서도 향시아나한테 접근하는 남앙들이 많고 
  상원에서도 캣콜링하는 의원놈들이 있거든 
  그래서 광대처럼 외모, 재산으로 평가받고, 주목받고, 
  희롱당하는 자신을 그윈과 닮은거라 생각하면서도 
  자기한테 오는 그 시선들을 조금이라도 그윈한테 돌리고 
  싶어하는것 같기도 했어 
  *캔잇비 
  무대 위에 바이올린 2개 있다 
  세미막때는 너무 불안불안 위태로워 보였는데 
  막공때는 좀 더 기대와 희망, 해낼 수 있을거야란 
  자신감이 좀 보였는데.. 
  *데이빗 경의 유혹 
  타민데이빗이 너무 맘 쓰여서 그런가 
  ""그대와 같이 버려진 몸이죠"" 하는데 
  조시아나한테 받은 상처를 술로 풀다 
  그 대상이 데아에게로 잘못 간거 같음 
  숩데아는 이 사람이 위험하다라는 걸 빨리 눈치채서 
  더 무서워한거 같고 
  *행복할 권리 
  양파파가 몰아붙이니까 굳게 먹은 그 기대가 짓밣혀서 
  아냐 난 자신 있어요!!! 하고 
  의지가 강해서 그만큼 더 반발한 것 같아 
  그윈과 데아의 옷을 보면 
  그윈의 성장 속도가 더 빨라서 
  매번 새옷을 하기 힘들어서일 수도 있지만 
  그윈 옷은 누더기? 여기저기 기운 옷인데 
  데아 옷은 상대적으로 깨끗하고 화려한거 같아 
  그래서 그윈이 그런 부분도 데아에게 많이 더 양보한거 같고, 
  파파도 데아를 더 많이 챙긴 것 같다는 생각이 들어 
  *눈물은 강물에 
  영주앤이 약간 트롯삘? 뽕삘? 느낌이 좀 더 나서 
  눈물은 강물에 같은 넘버 부를 때 
  더 맛깔나게 잘 부르는거 같아 
  *넌 내 삶의 전부 
  막공때 내삶전이 유난히 더 예뻐보였어 
  표현은 잘 못하겠는데 새둥지(?) 사이사이로 
  새어나오는 불빛들이 한밤에 만개한 벚꽃같아서 
  더 동화같고, 꿈같고, 금새 시들어버릴거 같았어 
  그리고 양파파가 오른쪽 위에서 등장해서 
  데아랑 은윈 보는데 
  그래, 그윈플렌 니가 돌아왔구나라는 것도 있는데 
  '너희 둘 다 벌써 이렇게 커버렸구나 
  내 자리는 없어져서 씁쓸하구나'같아서 더 슬펐어ㅜㅜ 
  *눈물의 성 
  너넨 어떻게 아들 끌려가서 슬퍼하는 파파한테 
  진실은 상관없어 없던 죄도 만들어내지 
  온 몸의 구멍들을 후벼파고 찢고 지져 버리지라면서 
  더 상처를 후벼파ㅠㅠㅠ 
  *말도 안돼 
  하커의 ""그러니까 웃어!! 그윈플렌 웃어!!!!""하는 말에 
  평소보다 더 PTSD 심해보였던 은윈ㅠㅠ 
  *자장가 맆 
  내가 이 노래를 어떻게 알지?? ???하는 
  은윈 표정 좋아 
  *각하의 소유 
  은쪽이 매력 대발산하는 시간 
  6월~7월 이렇게 무대를 방방 뛰어다니며 
  손뽀뽀 날리는 갈색 댕댕이 은윈도 참 좋아했다.. 
  옷 입을 때 자기 붙잡은 앙들 피하려고 
  장난쳤는데 안되니까 삐짐+ 
  약간 귀여운 하이드 느낌도 나서 
  왜 거기서 하이드가 튀어나와란 생각에 웃었어ㅋㅋㅋㅋ 
  평소보다 앙들 괴롭히기에 더 진심이었던 
  은윈... 
  *아무 말도 
  아무말도에서 더 빛나는 
  향시아나의 돌아이 연기.... 
  검 들고 슉슉! 슉슉슉!!!할때도 
  칼 위험해?? 난 그런거 몰라~~~~하는 것도 미치겠고ㅋㅋㅋ 
  *내 안의 괴물 
  향시아나가 결혼 명령받고 화날 때 
  은윈은 '날 위해 웃는 천한 광대 
  나를 웃게 한 추한 괴물' 
  자기를 동등한 인간으로 안 보고 
  조시아나보다 하찮은 존재라 끌렸던거고, 
  비슷한 지위가 되니 필요없어하는 조시아나에게 
  환멸감을 느끼는 것 같았어 
  *무너져 내릴 마음 
  양파파ㅠㅠ그윈 옷가지 든 채로 
  그 옷에 얼굴 파묻고 우는 것도 슬프고 
  웃남 포스터 뜯고 힘 빠져서 포스터 있던 자리에 
  털썩 쓰러지는 것도ㅠㅠ 
  *넌 내 삶의 전부 맆 
  숩데아 여기 연기 미쳤지ㅠㅠㅠㅠ울다가 숨 헉헉대서 
  양파파가 진정시킬때도, 
  잠들기 전까지 계속 헉헉 억 흐끅거리는 연기? 
  계속해서 진짜 연기잘하더라 
  그리고 자기가 우는 소리 데아한테 들릴까봐 
  이렇게 팔로 입 막고 우는 것도 너무 마음 아팠어 
  *몽타쥬 
  막공에서야 선영앙 대단하다 느낀게 
  하커일때랑 고 클랜찰리 공작일때랑 
  대사칠 때, 넘버 부를 때 다 목소리 톤이 너무 달라 
  그래서 같은 사람인걸 알고 봤지만 대단해 
  수연앙도 목소리 너무 기품있고 곱고 예뻐 
  클랜찰리 공작씨..댁이 사생아만 안 낳았어도 
  데이빗을 좀만 더 예뻐했어도 이런 일은 없었을겁니다.. 
  *모두의 세상 
  모세 전에 윤우가 나위천 부르고 
  그 다음 숩데아가 부르다 내삶전 부르고 
  은윈이 같이 부르고 
  셋이 부르다 윤우 목소리는 자연스럽게 퇴장하는거 너무 좋아 
  은언니 모세는 홀리 홀리 박모두의 세상 은태 
  이 세상을 구원하리ㅠㅠㅠ 
  세상 밝↗히↗리---라↗ 
  하면서 소리가 점점 풍부해지고 딴딴하게 
  망치로 천장을 콩콩콩 치듯 퍼지는거 너무 좋아ㅜ 
  *검투 
  타민데이빗은 검 쓸 때 한 손을 뒷짐지고 해서 
  정말 귀족같아 
  그래서 아버지 마음에 들려고 
  검술도 익히고 예법도 다 익힌건지, 
  학대,핍박 속에 배운건지 
  어쨌든 열심히 배웠는데도 사생아라 인정 못 받아 
  아버지의 사랑을 갈구했던 만큼 그게 증오,질투가 돼서 
  그윈을 유괴한게 아닐까... 
  톰짐잭으로 있을 때도, 조시아나와 있을 때도 
  유독 사랑,관심을 원하는 데이빗 같아 
  그래서 오늘 타민데이빗은 마음이 좀 아팠다 
  코로나로 고생하고 복귀해서 그런 것도 있고.. 
  그냥 이 날은 타민데이빗에 너무 과몰입해서 봤네 
  *행복할 권리 맆 
  그래서 타민데이빗도 그윈을 납치하고 
  후회도 많이 했을 것 같고 
  자기 운명에 너무 괴로워했을거야 
  *우린 상위 일프로 
  영주앤 합창 부분에서 덩실 덩실 춤추는거 
  귀여워ㅋㅋ 
  *그 눈을 떠 
  여기서도 타민데이빗을 봤어 
  그윈한테 그만해, 그러지마라며 말리는거 같기도 하면서 
  '눈 속에서 길을 잃고 
  뼛속까지 얼어붙어 
  굶어죽길 기다려 본 적 있는가 
  빵 한 조각 석탄 조각 
  구걸하며 우는 기분 모를 거야 
  그 눈을 뜨기 전엔'은 
  타민데이빗이 그렇게 살았거나 or 
  그렇게 살기 싫어서 눈을 감은 것 같은 느낌이.. 
  은언니 무릎 꿇고 호소하는 디테일은 진짜 미친다 
  그리고 그눈떠에서 눈물 흘리는 향시아나 
  *웃는 남자 
  웃는놈 때 그윈 뒤로 
  상원의원들 슬로우모션인거 처음 알았어 
  잔인한 놈들부터 가사 놓쳐서 
  인간도 아냐 두 번 할 때 헉했는데 
  마이크 사고였다니ㅠㅠ 
  막공인데 그래서 본인도 얼마나 속상하고 자책했을까 
  *내 삶을 살아가 
  그윈의 말을 듣고 눈을 떠서 
  눈물 흘리고, 그 눈물 닦는 향시아나 디테일도 너무 좋아 
  *나위천 맆 
  난 파파가 데아한테 나위천 불러주는게 
  데아가 그윈을 그리워해서라고 생각했거든ㅜ 
  근데 막공때는 갑자기 
  '아가야, 그윈의 노래 소리 말고 
  내 노래소리도 들어주렴. 파파를 생각해서라도 기운 내고 
  더 살아다오'하는거 같아서 오열... 
  *캔잇비 맆 
  ""아직 못다한 말이 많은데 
  이렇게 보낼 순 없어"" 
  짹에서 본거같은데 
  그윈은 데아에게 사랑해란 말을 
  안한다는 글이 생각나 
  은윈에게 데아는 연인 그 이상, 신적인 존재라 
  감히 사랑한다는 말을 꺼낼 수 없었던게 아닐까 
  ""나 이제 너에게로 갈게""하면서 파파를 보면 
  양파파는 끄덕이지도, 고개를 젓지도 않아 
  그게 참 양파파 다워서 마음 아파 
  본인에게 마음 아픈 일이지만 사랑하는 그윈의 선택을 존중하면서도 
  차마 입밖으로 내지도, 허락하지도 못해서 침묵으로 대신하는.. 
  그래서 양파파는 이렇게 뒤돌아서 
  양반다리 하고 앉고, 
  바다로 들어가는 그윈,데아를 보진 않으면서도 
  무너지지 않으려고 애써 자세를 유지하는게 너무 슬퍼 
  그리고 내삶전때 하얗게 흐드러지게 핀 꽃같던 
  조명들이 여기서는 다 시들어버린것처럼 
  덜 선명해서 더 슬프고 
  별 조명들이 꺼지는게 
  양파파의 인생에서 별(그윈,데아)가 사라진 걸 
  말하는거 같아서 더 슬프고ㅜ 
  *커튼콜 
  이렇게 꾸벅 인사하면서 등장하니 
  진짜 마지막인게 실감나서 울컥했어 
  근데 그러고는 다시 평소처럼 달리기 자세 
  +우다다다다 
엘라스틴 하트  
무인은ㅜㅠㅠ너무 슬퍼서 언급 안 할게  
무인때문에 웃남 끝난게 더 마음 아픈데  
이제 좀 회복하고 있어ㅠㅠ  
웃남 서사가 약하다, 결말이 약하다 
결국 그윈이 바꾼게 없지 않냐 하는데 
어제 올라온 어느 바발의 글처럼 
웃남은 그저 행복을 찾아가는 
행복을 원했던 사람들의 이야기, 한여름밤의 꿈 같아 
그리고 화려하고 슬픈 어른 동화라는 점에 한표 
진짜 그윈이 세상을 바꿀거라면 
레미로 가서.. 앙졸라 편에 붙어야하지 않았을까 
긴글 읽어줘서 고마워!!  
+이건 컷콜데이때 향인데  
생각난 김에..!  
향 사랑해!!!!  
웃남으로 향이란 배우를 처음 알았는데  
진짜 너무 성실하고 실력도 대박이야..  

",https://gall.dcinside.com/mini/board/view/?id=theatergoing&no=35455&search_pos=-43174&s_type=search_subject_memo&s_keyword=웃는 남자&page=1
dc,ㅇㅇ,2022.08.23 04:49:02,"쿄윈 세미막공, 막공 보고 느낀점","

세미막도 좋았지만 특이성이나 특별함은 없었어
쿄윈은 세미막 레전법칙보단 막공 매직법칙이 더 걸맞음
쿄윈은 세미막이 아닌 막공을 꼭 봐야하는구나 느낌
소리도 달랐고 연기도 달랐고 머리 묶은거 보고 할말을 잊었어
어떻게 마스크로 머리묶을 아이디어를 생각했을까 대박
웃는 남자때 땀에 젖은 머리가 얼굴 가려도 개의치않고
미친놈 마냥 짖어주듯 넘버한거 잊지 못해 최고였음
관객들 박수소리가 이전 공연들에선 군부대 박수였다면
막공은 관객들도 미친 미친박수였어ㅋ

",https://gall.dcinside.com/mini/board/view/?id=theatergoing&no=35373&search_pos=-43174&s_type=search_subject_memo&s_keyword=웃는 남자&page=1
dc,ㅇㅇ,2022.08.22 10:50:43,솔데아 인터뷰기사,"

 유소리, '웃는 남자' 여주인공 파격 발탁 ""눈물이 절로 나요"" [엑's 인터뷰①] 
 
https://naver.me/5Yvzia51
 
  '웃는 남자' 유소리 ""박효신·박은태·박강현과 호흡, 복 받았죠"" [엑's 인터뷰②] 
 
https://naver.me/5x0MlmIW
 
  '웃는 남자' 유소리 ""노력에 자부심…연기·노래 욕심 많아"" [엑's 인터뷰③] 
 
https://naver.me/5u5bzdi1
 
 - dc official App

",https://gall.dcinside.com/mini/board/view/?id=theatergoing&no=35137&search_pos=-43174&s_type=search_subject_memo&s_keyword=웃는 남자&page=1
dc,ㅇㅇ,2022.08.21 13:55:04,0820 웃남 밤공 깡윈 세미막 후기,"

 깡윈을 이제서야 보네 
 깡윈 자첫자막이라 디테일은 잘 기억 안 나고 
 별거 아니지만 소소한 조연이나 앙들 디테일이 
 평소보다 잘 보였던거 같아 
 아 세종 2층 거지 음향을 뚫고 들려오는 
 뉴깡 딕션은 진짜 놀랐어 
 깡윈 이번에 눈화장 진짜 너무 진해서 
 더 말티즈 눈 같잖아ㅜ 
 깡티즈는 참지않긔(aka.넘버 웃는 남자) 
 눈보라씬에서 눈보라 앙들이 
 우르수스 마차? 집 열리는거 펴주는것도 처음 봤어 
 민파파를 엄청 오랜만에 보는 기분인데 
 애기 데아 안고 부둥부둥 우르르 까꿍 
 더 열심히 하는 것 같아 
 아 정현진 애기 그윈? 
 얘 뭔가 진짜 깡윈 미니미 버전같았어ㅋㅋ 
 자기 할말 와다다하고 파파한테 안 지려하고 
 파파 속 썩일거 같은ㅋㅋ 
 가든파티에서는 조시아나 등장때 
 조시아나한테 가려는 남자앙 
 여자앙이 붙잡고 실랑이 하는 것도 처음 봤고 
 앤 여왕이 결혼 명령 내리고 나서 
 신시아나가 성원데이빗 
 부채로 달달 볶으면서 야 결혼 무르라고 
 니가 말해 어? 하면서 욕하는거 같아ㅋㅋㅋ 
 민파파 어제 막은 안 올라가할 때 
 너무 현입됐다는 바발들도 있던데 
 난 문감 생일 축하한거 특이하고 좋았어 
 난 민파파 드립 매번 달라지는거 보는 재미도 있어서ㅋㅋ 
 영국이라 영어 노래 부른다고 했을때 뭐 불러줄지 
 기대했는데 생축쏭ㅋㅋㅋ 
와펜테이커가 하커 끌고 가기 전  
하커가 웃는 남자 포스터 입 모양 따라  
손가락으로 스윽 긋는거 처음 봤고 
신시아나가 그윈이 대혼란을 무찌르다  
시작할 때 손가락 팔랑팔랑거리면서(?)  
인사하는거 처음 봤어 
아 그리고 부자들의 낙원은 가난한 자들의 지옥으로  
세워진 것이니까요할 때 깡윈은 조시아나보다는  
관객들 위주로 보고 말하는거도 신기했고  
이건 짹에서 주운건데  
(짹에서 가져온거라 짹별명인데  
쿄윈,은윈,깡윈으로 봐줘)  
어제 깡윈 생각보다는 살살 차서 아쉬웠어  
그래도 꽤 세게 친거 같아서  
무대 부서지면 범인은 깡윈..  
나위천 부를 때 데아 손동작 따라하기보다는  
우리 데아 잘한다 흐뭇  
데아 손동작 잘못할까봐 지켜봐주는 느낌?  
깡윈이 솔데아 손에 얼굴 대고 부비부비하는거나  
뭔가 느낌이 깡윈에게 솔데아는 동생 같았어  
그랬는데 내삶전에서 데아가 그냥 동생이 아니라  
연인이라는 걸 깨닳은거고  
대혼란을 무찌르다때도 톰짐잭이랑 싸울때  
칼을 한손으로 쓰지만 가끔 두손으로 휘두를 때 있던데,  
그런거나 2막에서 데이빗이랑 싸울 때  
몸을 잘 쓰는데 뭐라고 해야하지  
검술 그런건 모르고 몸을 잘 쓰니까 막 싸우는데  
그게 또 잘 싸우는 느낌?  
그리고 톰짐잭이랑 싸우면서 도망갈때 
관객 옆에 앉더니 
다리 꼬고 여자앙 쳐다보면서 끼부리기 
궁전 부르기 전에 깡윈+민파파  
둘이 어깨 붙잡고 몸 싸움하고ㅋㅋㅋㅋ  
깡윈이 ""아버지~! 마음 좀 곱게 써봐요""하니까  
민파파가 깡윈 귀 붙잡고  
깡윈은 민파파 간지럽히고 골때린다ㅋㅋㅋ  
깡윈이 파파 이겨먹으려는 그윈이라던데 이런건가ㅋㅋ  
궁전 끝나고는 민파파가 깡윈한테 한턱 쏘라는것도  
파파 이겨먹으려니까 한방 먹이는거 같아  
조시아나의 편지 읽을때는 ...? 어? 뭐라고  
뭔지 몰라도 대박인거 같으니 일단 가본다!!!  
조시아나의 천막에 가서 마신 술이  
깡윈 인생 첫 술인지  
아니 이 맛은...! 味味!!!하면서 술 좋아하는거 웃겼어  
모세 부르기 전에도 술 마시면서 나타났던거 같고.  
깡윈에게 술=쾌락,부유의 느낌인거 같아  
캔잇비도 상당히 기대에 찬, 자신 있어보이는 느낌이었어  
조시아나 이용해서 대박 쳐서  
아빠랑 데아랑 행복하게 잘 살아야지!!하고  
돌아왔는데 파파가 혼내서  
?? 내가요?? 내가 파파랑 데아를 소홀히 했다고요?  
뭔소리임?? 난 가족들 생각하면서 왔는데??  
이렇게 당황한거 같았어  
그래서 행권도 억울해하는 느낌?  
그리고 그윈도 어리고 하고싶은 게 많을 텐데  
데아를 위해 참고 억누른 부분들도 있을텐데  
파파한테 심한 말 들으니 더 반항심이 폭발한거 같아  
포스터 치고 나서 부르는  
'행복은 내 당연한 권리'였나  
행복이란 단어를 엄청 크게 화난듯이  
소리지르듯이 부르는거 좋았어  
내삶전 부를 때 오른쪽 위에 파파 있는 것도  
어제 처음 알았는데  
파파가 그윈이랑 데아 보면서 끄덕이는게  
그래 너희가 내 삶의 전부야 하는거 같아서 마음 아팠어  
솔데아 내삶전 닭똥 눈물 후두둑  
2층 1열까지는 잘 보이더라ㅜㅜ  
그리고 민파파 들어가기 전에  
건너편 바이올리니스트한테 손짓하고 끄덕하는게  
나 먼저 들어갈테니 우리 애들 잘 지켜봐줘하는거 같은데  
그윈이ㅠㅠ잡혀갔어요...  
 뉴깡ㅋㅋㅋㅋㅋㅋ..2막 시작하면서 자장가 부를 때 졸부포스..? 
 아주 궁전에 산지 몇달은 된거 같이 자연스럽게 
 침대 위에서 쉬더라 
 야 너때문에 파파가 얼마나 맘고생하는데.. 
 어휴.. 보는 내 속이 탄다 타 
 각소 때 침대 위에서 점프는 진짜 높이 펄쩍 펄쩍 뛰어서 
 점프력 놀랐어 
 옷 입힐 때 귀족옷 잘 어울린다고 앙들이 칭찬하는거 같던데 
 낮공때 은윈 옷 입히느라 고생해서 그런지 
 '공작 각하는 옷도 얌전히 잘 입으시고 대단하시네요!' 
 하는거 같았어ㅋㅋㅋㅋㅋ 
 그리고 은윈 각소때 깨발랄하고 막춤 추는거 
 깡윈은 안 하길래 연출 디렉이 아니었구나.. 
 은언니 당신은....... 
 아무말도때는 옷 벗겨지는거 나름 가슴 가리면서 막아보고 
 앤 여왕 나올때는 숙인 와중에 셔츠 단추 
 야무지게 잘 잠그더라 
 신시아나가 깡윈과의 결혼 명령 후 
 화난걸 보는 깡윈은 
 ?? 아까까지 좋다고 했잖아요?? 갑자기 왜 이래? 
 행권때처럼 상황파악이 덜 돼서 당황한 느낌? 
 막은 안 올라때 관객들이 아니라 
 배우들이 공연하는 척 짜고 친거 
 후기 보고 알고는 있었는데 
 내가 직접 보고 깨달은 건 처음이야 
 관객들이 쓰레기 날리면 민파파 착착 받아서 던지더라 
 데이빗 말 따라하면서 도발할땐 
 은윈은 깐족깐족이면 
 깡윈은 얄미운?ㅋㅋㅋ 비슷한데 다른 느낌이야 
 웃는 남자 부르고 나서는 
 귀족들 태도에 화난게 진정이 안된건지 
 신시아나한테 유독 더 소리지르고 화난 느낌이었고 
 다 필요없다고 할때도 진짜 현타오고 손절한 느낌 
 미안 웃는 남자 깽판칠 때도 
 깡티즈는 참지않긔 또 생각났다 
 +상원때 깡윈 가발+흰색 가발이야 
 본인머리+흰색 가발이야?? 
 상원 전까지는 가발같았는데 흰색 푸들 가발 
 벗고 나서는 본인 머리 같아보여서.. 
 데아가 죽고 나서 그윈이 파파 보면 
 민파파가 도리도리하는거 드디어 처음 봤는데 
 진짜ㅜㅜ도리도리 보자마자 미치는 줄.. 
 안그래도 데아 죽어서 가슴 찢어지는데 
 하나 남은 아들도 따라간다니까.. 
 땅에 떨어진 목도리 껴안은 민파파 너무 마음 아팠어ㅜ 
 피날레 때 깡윈은 하늘 올라가면서 
 데아랑 서로 안 마주보고 그냥 정면? 밑?을 보는데 
 그게 우르수스 쳐다보는거 같고ㅜㅜ 
 깡윈에게는 데아도 데아지만 
 남겨두고 온 파파도 정말 소중하고 
 파파한테 미안하다는거 같아서ㅜ 
 그래 깡윈이 그나마 파파 마음 이해하는 효자구나 
 민파파는 애들 떠나간 바다 쳐다보는게 
 더 마음 아팠어 
 깡윈 자첫자막한게 너무 아쉽다 

",https://gall.dcinside.com/mini/board/view/?id=theatergoing&no=34973&search_pos=-43174&s_type=search_subject_memo&s_keyword=웃는 남자&page=1
dc,ㅇㅇ,2022.08.10 01:51:14,뮤 원작 소설 추천좀,"

웃는 남자, 지킬, 프랑켄 몬테크리스토 읽음
뮤 원작 중에 재밌는거 추천해주라!!

",https://gall.dcinside.com/mini/board/view/?id=theatergoing&no=28504&search_pos=-33174&s_type=search_subject_memo&s_keyword=웃는 남자&page=1
dc,ㅇㅇ,2022.08.03 03:35:59,ㅃ 이러면 망한 거야..?,"

웃는 남자 보는데 자꾸 바이올리니스트만 봄...
처음에는 그냥 봤는데 구석에서 연기하는 것도 신기해서 보고 그러다가 눈이 바이올리니스트만 쫓아가고있어
의상도 너무 좋고 다리도 길고 잘생겨보여...
자꾸 생각나...

",https://gall.dcinside.com/mini/board/view/?id=theatergoing&no=25418&search_pos=-33174&s_type=search_subject_memo&s_keyword=웃는 남자&page=1
dc,ㅇㅇ,2022.08.01 15:26:47,웃남 우르수스 특집이네 오늘 6시 ,"

뮤지컬 <웃는 남자>의 아버지들이 모였다?!
'MC 민르수스'&'GUEST 양파파'와 함께하는 네이버 NOW 커튼콜 1주년
✨
⠀
두 우르수스가 이야기하는 뮤지컬 '웃는 남자'에 대한 진솔한 이야기와 에피소드까지!
⠀
오늘 저녁 6시, '네이버 NOW 커튼콜'에서 만나요

",https://gall.dcinside.com/mini/board/view/?id=theatergoing&no=24576&search_pos=-33174&s_type=search_subject_memo&s_keyword=웃는 남자&page=1
dc,ㅇㅇ,2022.07.29 19:16:39,7/29 웃남 낮공 후기,"

웃남도 자첫이고 박효신도 자첫인데 생각보다 창법이 부드럽고 섬세해 굉장히 강하고 때론 거칠거라고 생각해봤었는데 음유시인이네
웃남 자첫을 1,2층에서 보면 좋았을텐데 워낙 세종이라는 극장자체를꺼려해서 표를 잡았다놨다 반복하는통에 마지막으로 잡을땐 
3층좌블통 겨우 잡았거든 그래서 느낌이 좀 바발들하고 다를수도 있어
오글써도 큰점 하나로 보이더라고ㅋ
효신그윈이야 노래 끝장나는거 알고있지만 잘 부르는 것과는 별개로 
1막은 잔잔하고 차분히 감정따라 불러줘서 사실 효신그윈보다는
신조시아나나 민우르수스가 더 극을 이끄는 기분이었어
아마 어릴적 이야기부터 풀어내는 형식이라 그윈이 그동안의 삶과
이야기다보니 말하는 화자입장에서 상대적으로 약하고 부드럽게
느껴졌어 
와 민우르수스와 신조시아나 둘의 성량이 극장을 광광 울리는데 효신그윈과 이 둘의 기와 합이 창과 방패와 칼로 맞서는 기분이랄까 짱짱하게 좋았어
넘버명을 정확히 모르지만 그동안 후기나 영상으로 듣고 보던거라
가사를 음미하면 그 제목이 유추는 됐어
효신그윈 처음으로 실물 본건데 굉장히 선이 곱고 동안이던걸
순수함이 묻어나게 연기해서 웃남역에 딱이더라
잘 어울리고 표현도 좋았는데 뭔가 센캐들 사이에 있으니
역량을 다해줘도 조금 1막에선 약해보였어
이 느낌이 2막에 가서 감정을 크게 분출하며 터트리니 
홀리듯이 봤고 유명한 그윈의 그눈을 떠봐나 웃는 남자 등등을 들을때
는 내 심장이 음율의 고저에 따라 두근두근 호흡을 같이하며
상승해서 심박수가 급해졌어 홀딱 반할 느낌이랄까 좋았어
극 끝나고도 그 잔음과 여운이 뇌에서 무한반복 되고 달리 박효신이 아니더군
  
영숙배우 무지 좋아하는데 정말 존경해
어쩜 목관리도 잘하고 타고난 재능이 뛰어나서 혼자 다 극장을 씹어먹더라 부럽기도 하고 계속 여러 무대에서 봤으면 좋겠어 보배야
영기배우 잘하는거 알고 있었는데 보는 극마다 역할 그 이상을 해주고 극의 중심을 꽉 잡아줘서 서사를 채워주는 역할을 하는거 굿굿굿
도희배우는 첨인데 잘하더라 여왕다워 중간에 비너스로도 나오던데
끼많은 배우임
나하고 좀 잘 안맞던 분이 성원배운데 그래도 다른 극보다는 
잘 녹아내리는 편이었어
웃남이라는 극이 솔직히 좀 다소 지루했거든
그 비는 공간을 실력있는 배우들이 다 채워주고 무대연출이나 넘버가 맛집이라 안 볼수는 없는 극이라는 결론이야
막공전에 그윈별로 볼 계획임
커튼콜 행복해보이고 수줍어하는 박효신의 모습이 인상적이었음
배우가 행복하고 관객이 행복하고 내가 좋았으면 그 공연은 
좋은 공연이지

",https://gall.dcinside.com/mini/board/view/?id=theatergoing&no=23639&search_pos=-23174&s_type=search_subject_memo&s_keyword=웃는 남자&page=1
dc,ㅇㅇ,2022.07.29 10:15:29,안녕안녕 나는 뮤린이야,"

혹시 궁금한게 있어서 갤러리에 찾아왔어
친절한 뮤른이들이 알려주었으면 바래
나는 이번에 웃는 남자를 너무 감명깊게 보았었어
아쉽게도 커튼콜데이에 간게 아니여서
커튼콜데이에 방문을 꼭 해보고싶은데
뮤지컬 한 편의 시즌에 커튼콜데이 기간은 한번만 정해지는 걸까?
아니면 혹시.. 8월 커튼콜데이가 또 나올 수 있는걸까?

",https://gall.dcinside.com/mini/board/view/?id=theatergoing&no=23520&search_pos=-23174&s_type=search_subject_memo&s_keyword=웃는 남자&page=1
dc,ㅇㅇ,2022.07.27 22:50:20,웃는 남자 끝,"

오늘 울었다
- dc official App

",https://gall.dcinside.com/mini/board/view/?id=theatergoing&no=22991&search_pos=-23174&s_type=search_subject_memo&s_keyword=웃는 남자&page=1
dc,ㅇㅇ,2022.07.24 01:30:48,대오열극 웃는남자 후기? 감상?.... (스포있음!) (많음!),"

하...  
1. 서론 
이 뮤지컬... 재미있다. 휙휙 변한다는 생각이 좀 들긴 하는데 배우가 알아서 꽉꽉 채워넣는다. 과몰입 하기 딱 좋은 극이네 ^^ 
웃남 보기 전 알고 간 것이 뭐가 있는지 짧게 말하고 시작할게.  
1. 데아가 죽는다. 
2. 우르수스가 자식바보다? 
끝! 
진짜 아는 거 없이 갔음. 이전에 올렸던 글에 바발들이 마스크 챙겨가라고 해서 2장 정도 챙겨갔고, 다 썼음. 인터 때 갈아꼈고, 끝나자마자 갈아꼈음.  
2. 본론 
본론은 넘버랑 장면으로 세세하게 분류해서 쓸게! 개인적 감상 및 해석 덧붙이므로 엄청나게 주관적임. 만약 어긋난 부분이 있다면 바발이 맞음. 난 자첫이기 때문.  
1)프롤로그 
사실 좀 방심했다. 처음 나와서 어린 그윈플렌 버리고 간 새끼들 보면서 하ㅋ 일단 1막은 안 울겠군 이러고 넘어갔는데 바로 눈 내리는 장면으로 넘어가는 건 무슨 악마같은 짓? 
애가 자기보다 어린 아이의 울음소리를 듣고 다시 생을 붙잡는 것부터 눈물이 남. 꾸역꾸역 눈밭을 헤치고 돌아다니는 것도 그래.  
애가 애를 껴안고 돌아다니잖아요... 애가 애한테 이름을 붙이잖아...  
사방천지에 흰 눈이 가득하니까 냅다 이름을 백설 이라고 해도 충분히 이해할 수 있는 판에 그 상황에서 가장 반짝거리며 빛이 나는 걸 토대로 이름을 붙이잖아.  
그 뿐인가 자장가도 불러줘. 애가 애한테 자장가를 불러줘 너도 쪼꼬만 아이인데 이게 무슨 일이야. 경들새끼야 진작에 눈을 떴으면 이런 일은 안 일어났잖아. 나이도 처먹은 놈들이 애한테 지금.  
좀 다행인 건 우르수스 등장하고는 괜찮아졌음. 차마 속마음을 대놓고 보이지는 못하지만 아무튼 잘 챙겨주는 어른을 보니까 심신이 안정됨.  
웃기기도 하더라. '별 볼 일 없을' 이란 발언이. 자식 바보라는 거 보면 아무튼 기어코 별에 대해 말해줬을 사람인 것 같은데!  
2)세상은 잔인한 곳 
우르수스가 자기는 절대로 안 우는 남자라고 할 때부터 내가 알아봤다. 누가봐도 나중에 제일 서럽게 울 사람임. 울 거면 댁이나 우시지 난 왜 울려요 진짜 개짜증남.  
근데 동시에 우르수스가 자식바보 된 이유를 알 것 같음. 잔인한 이 세상을 살아나가게 만드는 이유였을 것 같음. 데아와 그윈이 서로에게 생을 빚진 것처럼, 우르수스와 저 둘 도.  
여기서 비롯된 생각인데, 결말 후에 우르수스는 열심히 살았을 것 같음. 데아와 그윈의 몫까지. 세상의 잔인함을 뼈저리게 겪고, 살아갈 이유가 죽었지만 그래도 살았을 것 같은 이유는... 우르수스는 데아와 그윈을 지키지 못했으니까.  
3)가든파티 
갑자기 확 밝아져서 놀랐음. 정말 화려했고, 가난한 자들이 있던 새하얀 눈밭과 달리 색색의 옷이 가득하더라. 꼭 꽃밭처럼. 저기는 겨울인데 여긴 봄이야 개빡치네 역시 혁명이 답이다. 
그리고 페드로 말 좀 그만 걸었으면 좋겠어. 초반에는 그냥저냥 ㄱㅊ았는데 나중 보니까 이 자식이 진짜.  
그리고 조시아나 등장. 거기서 제일 화려한데 제일 따분해보이더라. 그리고 좀 불쌍했음. 앤 여왕한테 그런 말을 듣고도 제대로 반응 못하고, 명령에 불복도 못하고 바로 서서 예를 보이는게.  
근데 데이빗은 조시아나 좋아했나봄...? 좀 귀엽더라. 좋아하던 사람이랑 결혼하게 되어서 신난 것 같음.  
병마개 제거사인지 뭔지는 그냥 좀... 그때는 별 생각 없었는데 페드로 생각하면 좀 짜증남. 아오. 
4)어둠의 세계로 
조시아나는 이 결혼, 정확하게는 앤 여왕에게 붙잡혀 사는 삶이 숨 막혀 죽을 것 같다는 게 티가 나는데 데이빗은 걍... 진짜 신난 것 같던데. 얘 조시아나 ㄹㅇ 좋아하는 것 같은데. 키링남 재질인 것 같음.  
것과 별개로 울타리 뒤에서 얼굴만 쏙 내밀고 노래 부르는 거나 둘이 신나서 쫑쫑 가는 거 좀 귀여웠음.  
5)일단 와 
곰 떨어질까봐 조마조마했는데 겁나 잘 타더라?  
그리고 데이빗 얘 뭐 이렇게 낭만적임. 와펜테이크 나타나니까 자기 망토로 가려주는 거 제법 매너있는 남자 같음. 그 와중에 조시아나는 궁금해서 계속 보는 거 귀여워 ㅋㅋㅋㅋㅋㅋ 
데이빗 나중에 톰짐잭?으로 나와서 냅다 조시아나 앞에서 무대도 서더만. 얘 좀... 어쩌면... 재활용이 가능한 사람일 수도... 
아 그리고 그윈플렌... 늦게 등장하더라... 난 그래도 처음부터 나오는 줄 알았지.  
6)나무 위의 천사, 궁전 
이걸 어케 안 울고 보지... 정말 이해가 안 돼... 데아의 눈이 되어 대신 모든 것들을 표현해준 이야기를 보며 어케 안 울 수가 있지...  
달콤한 한 잔의 홍차가 넘 감동스러워서 울었음... 홍차에 설탕이든 꿀이든 타서 줬겠지... 줬으니 알겠지... 오직 한 사람의 경험을 위해 아낌없이 쏟아부었겠지.  
우르수스랑 다른 사람들이 했을 행동들이 그려져서 넘 슬펐음... 이건 궁전에도 이어짐. 모두가 데아를 별처럼 대한 것 같아서 그냥 눈물이 막 나는 거임.  
다 세상 거지같은 거 알고 있는데도 굳이 동화처럼 꾸며서 말해주고 행동하는 부분이 감동적이었음. 
7)묘한 기분 
데이빗 질투하더라. 너.. 찐이구나? 
8)나와 닮은 사람 
그윈 좀 꼬셔진 것 같은데? 근데 내가 더 꼬셔진 것 같음 돌겠네. 암튼 그윈 이때 좀 흔들렸던 것처럼 보임. 자길 원하는 사람이라는 지점 제외해놓고 아니 조시아나가 작정하고 꼬시는데 안 넘어갈 수가 있나? 이건 그윈한테도 면죄부가 주어져야 함.  
9)내 안의 괴물 
진짜 황홀경에 빠진 느낌이라 너무 좋았음. 중간에 숄이 침대 끝부분에 걸리면서 그냥 들고 나와가지고 마지막 부분 불렀는데 (원래도 이랬는지는 모르겠음) 마지막 호흡 쯤에 숄 쫙 펼쳐서 위로 휙 들어서 몸 두르는데  
그윈 너한테는 데아가 별이겠지... 나는 조시아나가 별인 것 같아... 데이빗 네 라이벌은 나다... 
10) 캔잇비 
이게 그 갤에 계속 나오던 거 맞지!! 그윈이 이해가 됐어. 정말 그 찢어진 입을 보고도 원한다고 말하는 사람은 처음이었을 것 같음. 그리고 사람은 언제나 한 처음에서 수 십 가지의 만약을 생각하잖아. 그윈도 그랬던 것 같음.  
그리고 갖지 못 한 미래 꿈을 품은 내 영혼 이 부분에서 걍 또 욺... 그윈 보면 착한 사람인데... 당연한 걸 꿈꾼다는 게 괜히 내가 서러워져서... 
11) 데이빗 나가. 
12)행복할 권리 
보면서 둘 다 내뱉고도 후회했을 말들을 계속해서 하고 있다는 느낌을 받음. 근데도 꾸역꾸역 더 이어나가는 느낌.  
당연하게도 이런 대화의 끝은 파국입니다.  
13)눈물은 강물에 
오열. 좋은 사람들이 더 좋은 말로 데아를 키웠다는 게 눈에 보여서 그냥 오열.  
굳이 지금 괜찮아질 거라고 말하는 게 아니라 내일은 괜찮아진다고 말하는 게 너무 좋았음. 상처가 아물 때까지 마음껏 울라는 것도.  
웃을 수 있을 때 웃고 울 수 있을 때 우는 사람으로 키웠다는 게 좋았음. 그러니 데아가 그렇게 맑고 반짝이는 거겠지.  
14)넌 내 삶의 전부 
오열하고 나니까 대성통곡을 시켜 이 미친 극을 봤나... 그윈의 유일한 별... 데아의 유일한 눈... 서로가 서로의 전부이자 서로의 결핍을 채우는 존재...  
겁나 감동받아서 우는데 언더테이커인지 와펜테이커인지 나와서 화났다가 그윈 정체 알고 어라? 됨.  
근데 것과 별개로 이새끼들아 그러면 좀 설명을 해주고 가던가... 우르수스는 어쩔 거야 지금 자식 하나 죽게 생겼는데.  
아무튼 페드로가 문제야.  
1막 끝!  
인터때 마스크 갈아낌 
2막! 
1)각하의 소유 
솔직히 그윈플렌 입장에선 별천지 세상에 온 기분이었을 것 같음. 진짜 그 '궁전'에 왔잖아.  
얘도... 애야... 애는 애야... 휘황찬란한 것들에 정신이 팔리는 건 다 그러니까... 나쁜 건 페드로야. 늘 나쁜 건 페드로였어.  
2)페드로 나가!!!!!!! 
어쩔거야 진짜 우르수스 보면서 대성통곡함. 세상이 왜이렇게 잔인하냐...  
3)아무 말도 
워메 옷이 당황스럽ㄷ... 아니 근데 여왕의 명을 받고, 클랜찰리 공작가의 성에 와서? 그렇게? 무방비하게 그냥 잔다? 
이게 내 상식으로 이해가 안 됨. 아니... 남의 집... 공작... 약혼자... 뭘 언니가 무슨 같잖은 이유로 불렀는지를 몰라 누가봐도 알겠는데.  
제쳐두고 신시아나 그렇게 다양한 자세로 어떻게 그렇게 부르지? 너무 쩔어서 당황할 정도였음. 사람이 아닌가? 혹시 신인가? 역시 신이라서 신... 
그리고 옷 잘 벗기더라. 유교 마인드라 조금 눈치 봤음...  그윈은 아무래도 유혹을 당한 것 같음. 매혹에 당한 것 같음.  
앤 여왕이 잘못했음. 눈치 챙겨.  
4) 
이 부분이 많이 안타까웠음. 조시아나는... 물론 그윈을 좀 좋아한 것 같긴 한데, 주로 언니에게서 벗어나기 위해 탐낸다는 느낌이었잖아. 근데 이게 무너졌고... 그윈도 처음 자길 보고 원한다고 해준 사람이 냅다 앞에서 비난하고...  
에효 좀 씁쓸하더라.  
5)막은 안 올라 
진짜 엄청 울었음. 1막의 공연이 엉망진창으로 공연이 되는데, 그게 지금 상황을 말해주는 것만 같았음. 정확하게는 우르수스의 상황. 혹은 심정.  
데아가 그윈플렌 갔냐고 물어볼 때 억장 무너지는 게 그냥 눈에 보이더라. 똥강아지가 아빠 억장 몇 번 무너뜨리냐... 아이고...  
6)넌 내 삶의 전부 리프라이즈, 무너져 내릴 마음 
  정말 악랄한 극... 진짜 소리만 안 냈지 통곡을 함. 데아 숨 쉬게 해주는 그윈 어디갔어...  
우르수스 어떡해 진짜. 천국에서 좋은 세상 예쁜 세상만 보라고 하는 지점이 너무 슬펐음. 본인은 아무것도 보여주질 못하니까. 데아의 천국을 대신해주던 사람은 죽었으니까...  
이 뒤로 그냥 쭉 울었음.  
클랜찰린 공작부부가 자장가 부를 때엔 거기 깔린 그 마음이 눈에 보이는 거임. 그 마음 고이 받아 데아한테 건넸던 그윈도 정말 돌겠음. 모두가 온전히 상대의 꿈과 같은 행복을 바랐다는 점에서...  
데아랑 우르수스 환영 볼 때에도 처울었음. 그리고 대망의 모두의 세상.  
7)모두의 세상 
그윈플렌이 정말 대단하다고 생각함. 돈이 있다면 본인의 소중한 사람들을 데려와, 이득을 보는 이 구조에 편입해 편안하게 살 생각을 하지 세상을 바꿀 생각은 안 하니까. 사람은 자기의 사정만을 보는데.  
그윈플렌은 저들을 버릴 수 없어 > 모두를 버릴 수 없어로 바꿀 줄 아는 사람이라는 점에서 아주 대단한 사람임.  
조금 급작스럽나? 싶기도 했는데, 문득 데아가 별이라는 점이 떠올랐음.  
그냥 그렇구나 하고 받아들이기로 했음. 그렇게 급작스럽게 내린 결정조차 영웅같은 결심이었다는 것이 너무 멋지더라.  
그래서 경들새끼들이진짜너무짜증남 
8)검투 
데이빗 질투 그만! 하지만 조시아나를 정말 진심으로 좋아하는 것 같긴 하구나. 
9)행복할 권리 리프라이즈 
얘도 진짜... 어케 보면 대단하더라. 근데 어캄 네가 그렇게 사랑하는 사람이 다 들었다.  
일케 봤을 때 이쪽만 보면 개망한 사랑 이야기 같음 ㅋㅋㅋ ㅜ 
10)우린 상위 일 프로 
아짜증나어쩌라고 
근데 조시아나 드레스 너무 예쁨 그리고 조시아나 놀리는 것들 개짜증남  
앤 여왕 음 길게 하는 거 녹음이라고 했던 것 같아서 들었는데 내가 막귀인지 1도 분간 안 가더라... 그냥 대단하다고 생각하기로 했음.  
아니 그리고 법안 질 실화냐? 내가 내도 저딴 거 안 낼 것 같음;; 이런 놈들이 상위 1프로로 군림하고 앉았으니 가난한 자들이 찬 눈에서 살고 있지 아이고 내 뒷목 
11)그 눈을 떠 
진짜 비위를 맞추면서 하는 청인 것 같아서 괜히 눈물이 났음. 이건 이전처럼 슬퍼서 난 게 아니라 내가 억울하고 또 억울해서... 
눈이 안 보이는 사람들은 바로 여기 있었음. 모여서 회의를 하고 나라를 이끌어갈 사람들은 전부 밑을 보지 않음.  
그윈이 조시아나와 데이빗을 바라보던데, 둘의 반응을 보고 딱 알겠더라. 눈을 뜨기 시작한 사람은 데이빗이랑 조시아나임. 정치에서 밀려난 사람들.  
그리고 앤 여왕 굳이 '장님'이라고 말한 거 웃기더라. 님들 이미 장님임. 데아는 예전부터 눈을 떴어요. 눈을 뜨지 못한 건 니네 뿐이에요.  
물론 이건... 좀... 그윈의 분노 포인트였던 것 같음. 굳이 장님이라고 했다는 게.  
12)웃는 남자 
그윈은 실망하고, 때문에 절규하며 모든 걸 거부함. 자신이 실패했다고 생각했던 것 같음. 그리고 분노도 있었겠지.  
하지만 그는 결국 조시아나의 눈을 뜨게 만듦. 근데 난 어쩐지 데이빗도 뜬 것 같다는 느낌이 들더라.  
데이빗은 정말 멀리 떠났을까... 난 안 떠났을 것 같음. 클랜찰리 공작이 되었을 것 같아.  
13)내 삶을 살아가 
그윈이 먼저 제시했지만, 받아들여지지 않은 답을 찾아가는 조시아나랑 같이 세상을 바꿨을 것 같음.  
14)피날레 
진짜 대성통곡했다. 데아가 눈을 떠서 그윈을 보고, 따라 웃으면서 죽었다는 게 진짜 미칠 것 같음. 정말 별이다... 별... 그윈을 비추는 별... 언제나 그윈을 맑게 대해주던 사람...  
15)캔잇비 리프라이즈 
대성통곡22 이게 실화냐 믿을 수가 없다 둘이 왜 죽냐 왜 둘이 죽냐. 넌 모르겠지만 세상 바뀔 것 같다고... 눈을 뜬 사람이 있다고...  
너에게로 갈게 라는 부분에서 우르수스 알았으면서도 차마 막지 못하는 게 너무 슬펐음. 똥강아지들 떠난다는데 붙잡지도 못하고...  
이게 무슨 경우야. 왜 죽어... 왜 죽냐고...  
16)커튼콜 
근데 이래놓고 배우들 웃으면서 나와가지고 그래서 더 터짐. 주변에서 이상하게 봤을 것 같음.  
엉덩이 하트 귀여웠고... 신시아나 하이노트 너무 좋았고... 그랬다.  
3. 개인적 해석 
그윈과 데아가 서로의 결핍을 채운다고 말한 바 있는데, 내 생각에 그윈의 결핍은 별임. 별은 언제나 모든 세상을 비추고, 그러니 당연하게도 그윈 또한 비출 테니까. 그윈은 언제나 그걸 원했으니까. 
나는 조시아나의 내 안의 괴물 때의 옷이 밤하늘의 별과 같은 느낌을 준다고 생각했는데, 이것도 그윈의 결핍에 대한 걸 뜻한다고 봄. 별과 같이 그윈을 좋아해주는 사람.  
그윈은 계속 별을 바람. 그리고 이건 모두의 세상으로 넘어감. 자신에게 기회가 왔을 때, 별이 되고자 마음먹는 것. 이 선택이 유달리 감명깊었던 이유가 이거였던 것 같음. 그 스스로가 별이 되어 모두를 비추고자 마음 먹는 것. 데아가 그윈을 비춰주었던 것처럼. 
(데아를 따라 죽은 것도 이해가 가. 자신이 별이 되는 것이 실패했는데, 유일한 별마저 죽어버렸으니까. 그윈을 비추는 사람이 어디에도 없으니까. 근데 우르수스는..ㅠㅜ) 
그윈의 선택은 데아 덕분이야. 그리고 데아와 그윈은 결국 눈을 뜨게 만들었어.  
세상은 바뀌었을 것 같아. 정말 그랬을지는 모르겠지만? 가능할지도 모르겠지만? 차피 소설이고 차피 창작인데 좀 해피엔딩으로 생각하면 뭐 어때. 거긴 많이 바뀌었을 것 같아. 눈을 뜬 사람들이 설마 본인들만 뜨고 있을까. 누군가의 눈을 또 뜨게 만들겠지. 또 별처럼 비추겠지.  
결론은... 그윈은... 성공할 거라고... 결국 모두의 세상이 될 거야 거긴 그럴 거야...  

",https://gall.dcinside.com/mini/board/view/?id=theatergoing&no=21635&search_pos=-23174&s_type=search_subject_memo&s_keyword=웃는 남자&page=1
dc,ㅇㅇ,2022.07.24 00:38:08,(스포) 웃남 자둘 때 눈에 보인 것들,"

1. 초반 극단의 웃는 남자 극이 극 전체의 축소판인거
2. 중간 중간 대사에 뼈 있는 대사들 
예)니 아빠가 결정장애냐?(사생아 였던 것) 
행복할 권리는 귀족들한테만 있는 거야(원래 귀족인 그윈한테) 
눈물의 성 살아서는 못 나오지(그윈으로서의 삶이 끝나고 클랜찰리 공작으로 새 삶을 얻어 나온 주인공)
연기 해 본 적 있나? - 있지 무대 위는 아니었지만!(이거 데이빗이 그윈 납치하고 그 부모한테 연기했었다는 걸로 들렸다)
이런 것들이 보이니까 극이 전반적으로 비극 동화 같은 느낌이 들었어 나만 지금 알았으면 민망쓰

",https://gall.dcinside.com/mini/board/view/?id=theatergoing&no=21613&search_pos=-23174&s_type=search_subject_memo&s_keyword=웃는 남자&page=1
dc,ㅇㅇ,2022.07.23 16:38:05,웃남현판 가능해?,"

외국에서 온 지인이 뮤지컬 좋아한대서 갑자기 웃는 남자 보러가려는데 예매창이 닫혀서..핑프 미안..그냥 가면 현판 살수있는거 맞지? 나도 처음이라 물어봐 미리 고마워

",https://gall.dcinside.com/mini/board/view/?id=theatergoing&no=21426&search_pos=-23174&s_type=search_subject_memo&s_keyword=웃는 남자&page=1
dc,ㅇㅇ,2022.07.22 17:43:26,웃는남자 끝,"

찢겨진 세종 위 웃는 남자
오늘 하트 k하트 대신 반갈하트 해줌

",https://gall.dcinside.com/mini/board/view/?id=theatergoing&no=21062&search_pos=-23174&s_type=search_subject_memo&s_keyword=웃는 남자&page=1
dc,ㅇㅇ,2022.07.21 09:04:34,ㅃㅃㅃ어제 쿄웃남 단상,"

1.남덕이 이렇게 많다고???!!!  
또 커플이 너무너무 많음  
보통 여자들이 남친을 끌고오는데 그 반대의 느낌임  
2. 쿄윈플렌은 목소리에 에코가 장착되어있구나.. 그리고 커튼콜 마지막 고음은 D플랫!!!
3.2부 넘버 웃는 남자 시작할때 슬로우 모션 연출한거 영화같음... 볼때마다 멋짐  
4.엔딩 리프팅될때 다리 모양이 어떻게 저렇지.. 윈플렌들 모두 각잡는 연습하나봄  
5.커튼콜 다 찍느라 박수를 아무도 안침 ..금손믿고 내가 치기로함  
+세종 음향 뿌셔버리고 싶음 ㅡㅡ 
 - dc official App

",https://gall.dcinside.com/mini/board/view/?id=theatergoing&no=20409&search_pos=-23174&s_type=search_subject_memo&s_keyword=웃는 남자&page=1
dc,ㅇㅇ,2022.07.18 16:20:53,웃는남자 취소문자 이거임 ,"

아까 막공회차가 잘못열렸던거 ㅇㅇ내일 다시 정상적으로 열린대
[Web발신]
[해당 문자는 수신하신 시각 기준 예매내역이 확인되는 고객님들 대상으로 안내됩니다. ]
안녕하세요. 멜론티켓입니다.
원활한 예매 환경 제공을 위해 점검을 하는 과정에서 7월 18일(월) 오후 3시부터 약 20여분간 마지막 티켓오픈 회차가 오픈된 현상이 발생했습니다.
현재 원인 파악 후 신속히 복구를 진행하였으며, 해당 기간 중 발생한 예매내역에 대해서는 금일 일괄취소됨을 알려드립니다.
뮤지컬 <웃는 남자> 의 마지막 티켓오픈은 7월 19일(화) 오후 2시에 정상적으로 진행될 예정입니다.
예매오픈을 기다려주신 고객분들께 고개 숙여 사과의 말씀을 드리며,
추후 동일한 불편함이 없으시도록 더 나은 서비스로 보답하겠습니다.
문의사항은 1:1 문의를 이용해 주시면 보다 빠르게 답변 드리겠습니다.
감사합니다.

",https://gall.dcinside.com/mini/board/view/?id=theatergoing&no=19251&search_pos=-23174&s_type=search_subject_memo&s_keyword=웃는 남자&page=1
dc,ㅇㅇ,2022.07.18 11:04:26,웃는남자 17일 16시 후기,"

웃남 17일 후기
☆ 캐스트
박효신 민영기 이수빈 김소향 이상준 김승대
+아역은 누군지 모르겠음
딕션 좋아서 앞으로 뮤 자주 했으면 좋겠던데
☆ 민옵은 진짜 츤데레 연기 잘함
안받아줄거 같으면서 오누이 둘 다 받아주고 누구보다 더 기뻐함
세상에 데아를 보자마자 장님이라는거 알고도 그렇게 좋아하는 양아빠가 어딨니
우유 챙겨주고 말로는 잔인한 곳 어쩌구 해도 행동은 세상은 착하다 말하고 있음 !
지난번 봤을때보다 웃는남자 공연속 공연에서는
것이었던 것이었던 것이다 길게 안해서 아쉬웠음 ㅋㅋ 
박수는 좌우 상하 나눠서 하지 않고 박수세번 시작 짝짝짝 이거랑 박수 다섯번 시작 짝짝짝짝짝 시켰는데
나는 여기서 짝.짝.짜짜짝 뒤에 세개를 빠르게 쳤는데 다들 정박자로 짝.짝.짝.짝.짝 치더라 혼자 무안했음 ㅠ
마지막은 여기는 영국인데 한번 해본다고 대!한민국 선창했고 당연히 월드컵 박수 치니까 
아니 이걸 어떻게 알지? 그러고
아무튼 민옵 하 여기 씬 너무 잘살려서 사랑이야
☆ 이수빈 목소리 너무 예쁜데 내 눈에 들어온건 무엇보다 후반 마지막에 숨이랑 몸 헐떡이면서 민파파에게 쓰러지는 연기가 너무 슬펐어 ㅜㅜ 진짜 저렇게 처절하게 그윈플렌을 원하는 구나 싶던데
분량이 작다면 작고 크다면 큰 데 아역인데
유독 저 연기가 내게 크게 꽃히더라
눈물은 강물에 흘러 보내에서도 뭐지 양손으로 금색? 놋색? 뭐 쥐고 막 탬버린처럼 부딫혀 소리내던데 세상 가장 행복한 아이같아 보였음
☆ 김소향 어제 컨디션 좋았나봐 내안의 괴물 마지막 고음 평소보다 찐하고 길게 뽑음!
박효신 그윈플렌 키크고 잘생겨서(?) 온몸으로 원하다가 가버리니 토라진 모습 표현 대박
+2막 리프라이즈도 한번더 짧게 찢고 갔어..
천둥치는줄 알았던 두번의 순간
항상 캐릭터에 딱 맞게 카멜레온처럼 잘 변해서 애배임
☆ 박효신 그윈플렌 표정연기 잘하더라
초반부에는 갓난아기 처럼 환하게 웃으며 다니다가 조시아나 만나고 나서는 근심과 고민에 사로잡힌 표정_하이라이트는 행복할 권리!
그리고 다시 데아 만나고서는 정말 미안하다.. 내가 괴물이라서 미안하다 하는데 표정자체가 다 서사임
물론 중간중간 가끔 나 연기하고 있어 느낌들긴 했는데.. 넘어가는 걸로!
머플러 못넘길때는 객석 여기저기서 웃음 터졌음 ㅋㅋ
첫번째 조시아나에게 허리 굽혀 인사를 했는데 대충했다 싶은지 한번 더 제대로 굽혀 인사하고 머플러 멋잇게 휙 던졌는데 목뒤로 안가고 애매하게 원위치 제자리로 푹 떨어짐
보통 사람 같으면 다시 넘길텐데
상남자처럼 별신경 안쓰고 퇴장해서 더 웃겼음
노래는 그 눈을 떠 마지막 고음 올리는 거랑 웃는 남자 찢어나가는 소리 다 좋았음.
그런데 수빈 데아랑 목소리 합은 약간 안맞는 느낌도 들고 개인적으로 박효신 공연을 인생 처음으로 본건데 음색이 전반적으로 내 취향은 아닌 것 같았어ㅜㅠ
☆ 이상준 페드로는 EMK 공무원..
항상 평상타 쳐주는데
개취로 따뜻한 역할 이상준 우르수스도 한번 보고 싶음ㅋㅋㅋㅋ
맨날 울프스탄이라던지 악역 위주로만 하니까...
☆ 김승대 데이빗 feat. 톰짐잭은
자첫때 좀 불호 떴는데 자둘에 이해되더라
음이 앞으로 안뻗고 목뒤로 넘어가는 발성 같았는데 악에 받힌 캐릭터라 이해하니 이게 또 캐릭터 해석으로 보이더라고
그래도 딕션은 여전히 집중해야 들림
☆ 앙상블
다른 사람은 모르겠고 콤프라치코스 대장역할 하시는 노인 역할 분 불호
나이든 컨셉은 잘 알겠는데 너무 대사가 안들림
대사집 보고서야 이해했는데 콤프라치코스 서사를 본인이 다 말하면서 하커의 술병을 던져! 이런 대사도 안들리게하면 어쩌시나요 ㅜㅜ
후기 끝읕
후기를 너무 갑자기 끝낸 느낌이 든다면 기분탓일거야...
일단 남아있는 웃남 표는 없고 다음 티케팅 도전해 보려 하는데 1층 내 자리가 또 잡힐지 모르겠다ㅜㅜ
다들 레전길만 걷고 항상 앞자리만 잡길~~!!

",https://gall.dcinside.com/mini/board/view/?id=theatergoing&no=19115&search_pos=-23174&s_type=search_subject_memo&s_keyword=웃는 남자&page=1
dc,아이유유,2022.07.16 20:21:08,웃는 남자 예매 끝남?,"

웃는 남자 3연은 전체 다 이제 티켓팅 끝났어?

",https://gall.dcinside.com/mini/board/view/?id=theatergoing&no=18342&search_pos=-23174&s_type=search_subject_memo&s_keyword=웃는 남자&page=1
dc,ㅇㅇ,2022.07.15 22:57:02,웃는 남자 끝,"

아니 쿄윈 왜이렇게 불쌍함..?
그윈 원래 불쌍한거 맞는데
그 이상으로 불쌍함

",https://gall.dcinside.com/mini/board/view/?id=theatergoing&no=17997&search_pos=-23174&s_type=search_subject_memo&s_keyword=웃는 남자&page=1
dc,ㅇㅇ,2022.07.12 19:24:57,"0710 은지킬 고양 막공(자리 비추 포함, 긴글 주의)","

고양아람누리 2층 중블 오른쪽 통로 쪽 매우 비추.. 
눈뽕 심해 
사골 실험실 등장하면서 새어나오는 
하얀 빛에 눈뽕 정면으로 당하고 
트폼~얼랍1 전에 초록 조명 나오고 
하이드가 거울에 비친 자기 모습 보는 장면 
초록 눈뽕 정면으로 맞아서 오글 들어도 하이드가 안 보여 
오히려 머더머더 후 칼 눈뽕은 덜했는데 
바발들 안구는 소중하니 이 자리는 앉지마 
그리고 2층은 이렇게 U자형이 심해서 
중블이 제일 멀어.. 
먼 것도 서러운데 눈뽕도 심했다ㅜ 
왼블로 가면 이사회나 웨딩이 좀 아쉬울거고 
C 가 제일 좋을 듯 
이틀 연속 은언니 따라 
세종, 고양 아람누리 왔다갔다하니 
나도 피곤한데 은언니 체력 리스펙.. 
연기 실수 없는 것도 리스펙 
재밌는게 토욜 웃남은 은윈이 좀더 단단해졌는데 
일욜 고양 은지킬은 오히려 좀더 여려졌다는거 
그리고 아무리 분장 차이라지만 느낌이 확 달라진 것도 
진짜 신기해 
지킬 자막 후기라 다른 배우들 
비교가 좀 들어갔는데 
문제되는 부분 말해주면 고칠게 
좀더 여려진 은지킬이라 그런가 
로인닼도 확신보다는 불안에 가까운 희망 
아닛투노는 나 은언니 ㅅ 쪼가 좋아서 
ㅅ 들어간 가사가 많아서 좋아ㅋㅋㅋ.. 
파사드로 제대로 대극장뽕 차오르고 
앙상블 웅장함 느끼기 시작 
어디까지나 개인적인 파사드에서 지킬들 느낌은 
-은지킬 : 설마 내가 겉과 속이 다른 
위선자인걸 들켰나? 
어디까지 아는거지? 누가 알지? 
눈치 채는 사람 벌써 죽일거 같아 
스트라이드가 '이미 알고 있어 이미 눈치챘어' 
부를 때 그쪽 노려보는 은지킬 표정이 무서워 
-카지킬 : 인간은 왜 선과 악이 있고, 
겉과 속이 다른건가. 인간이란 무엇인가. 나도 위선자일까 
-동지킬 : 내가 위선자라고? 내가 위선자면 너희도 
다 위선자 아닌가? 너흰 아니야? 
약간 내 눈에는 조금 오만한..박사님 느낌이라 
그래서 유난히 날이 섰고 주위를 의식하고 
경계하는 은지킬 파사드가 재밌어 
은지킬이 무대 중앙에 있고 
앙상블들이 지킬 주위를 빙글 빙글 돌 때도 
계속 경계를 늦추지 않고 주위를 노려봐 
이때 아마 들킬까봐 긴장한건지 
가슴에 손도 살짝 올리고. 
헷갈려 다! 모두 허상이지! 
박자 맞춰서 기둥에 팔 탁 올리는 것도 재밌고 
파사드 마지막에 은지킬이 객석 가리키며 
""그게 너 바로 너""하고 불 꺼질 때 
파라라락(?) 손동작도 너무 좋아 
은언니는 찢길 커튼콜도 그렇고 
지킬에서 암전 직전 손동작 마스터인듯 
이날따라 이사회에서는 특히나 더 여렸다.. 
논문 발표하는 신임 교수인데 
자신감 50 긴장 30 두려움 20이었는데 
처음부터 이사회 반발 심하고 꺾이고 좌절되자 
인류애도 잃은 듯하고 억울함의 눈물도 겨우 참는 지킬.. 
재밌는게 전날 본 웃남 은윈이 생각나서 
은윈은 그눈떠로 설득하려다 설득 안되니까 
웃는 남자 부르면서 화내잖아 
근데 은지킬은 설득, 안되니까 또 설득 
결국 안되니까 은무룩 
이것이 아이와 어른의 차이일까하는 생각도 들었고 
비슷한 상황인데 캐릭터 따라, 
이틀만에 다른 분위기라 재밌었어 
이사님들 그 눈을 떠 맘을 열고 자비를 베풀어봐 
이사회 설득이 안되니까 은지킬이 
사회가 정신병원이라는 감옥에 버린 사람들?이라면서 
비꼬면서 말할 때 
계속 뒤에서 안절부절 지켜보던 윤어터슨이 
아이고 헨리 결국 사고치네하는 것도 재밌고.. 
은언니가 가사를 대사처리하는 걸 잘 쓰는데 
난 이사회에서 대사처리 하는 부분들이 좋더라 
보세요! 여러분 내면 속의 그 사악함 폭력이었나? 
이사회 퇴장하고 나서 윤어터슨이랑 대화할때 
'그런 말은 7년동안 신물나게 역겨워요!'하고 나서 
마지막에 '더 이상 뭘 어떻게..'인가 
이 부분 말할 때 진짜 너무 지쳐보이고 건드리면 울거같아 
후기 쓰면서 생각나는게 이 부분 멜로디가 
약혼식에서 스파이더+엠마씬 
엠마가 '어머니가 떠나시고 아버지는 엄격했죠 
온실 속의 화초처럼 나는 하라시면 하란대로'랑 같구나 
엠마와 지킬 둘다 좌절, 압박을 느끼는 부분이라 
같은 멜로디인가봐 
지킬 잘알 윤어터슨.. 
내가 왜 지킬 자네 마음을 모르겠나 하는거 마음아파ㅠㅠ 
약혼식 전에 재현앙 횃불들고 
'여긴 상류층만 여긴 귀족들만' 하는데 
왜..재현스트라이드가 그 사이 익숙해져서 그런가 
재현앙 약혼식장에 들어가야 할거 같냐.. 
약혼식에서도 봉환쌤 예전보다 너무 안 좋아보이셔서ㅠㅜ 
엠마 파혼해ㅠㅜ엠마 잘못되면 봉환댄버스 바로 큰일 나실거같아ㅠㅠ 
근데 몸은 안 좋아져서 힘은 없어보이시는데 
더 냉정하고 엄격하고 딱딱한 느낌이 있었던거같아 
+근데 약혼식에 프룹스는 왜 없어?? 
있는데 내가 못 본건가?? 
비콘스필드 부인 옆에 같이 입장했다가 
비콘스필드 부인이랑 바로 같이 퇴장하나? 
레드랫 가기 전에 졤마랑 은지킬 조금이라도 더 
손 붙잡고 알콩달콩 얘기하다가 레드랫 끌려가기 
봉환댄버스ㅠㅠ살 엄청 빠지셨고 
소리도 아주 약간 걸걸?한 느낌에 
소리 크기도 작으셨던거같아ㅠㅠㅠㅠ 
레팅고 부르실 때 살짝 지지직? 잡음 들렸던거 같아 
아픈 봉환쌤이 레팅고 부르시니까 더  
아빠의 진심이 느껴지시는거 같아서 
엠마야 그 결혼 다시 생각해봐ㅠ 
레팅고에서 숮엠마는 ""아빠아..ㅜㅠ아무 걱정 마세요 잘 살게요"" 울먹울먹, 졤마는 ""노 프라블럼 대디. 아무 걱정 마요"" 
자기가 울면 댄버스경 걱정할까봐 괜찮은척하는거 같기도 하고 
결혼에 확신이 있어서 그런거 같기도 해 
이날 본 졤마는 굳세보였는데 결혼이 그렇게 돼서 
맘 아프다 
해나 루시 원래 오른쪽 어깨 파스 붙였어? 
문신 가린건가? 
오른쪽 어깨에 살색 파스 신경쓰이더라구 
다친건 아니겠지..ㅜ 
레드랫에서는 지킬+어터슨 등장하기 전에 
프룹스 남앙이랑 같이 사라지는거 보는 것도 재밌어 
이거 한번 발견하고 나니 계속 보게 되더라 
그때도 쫄랑쫄랑 따라가면서 손수건 펄럭펄럭하는 
프룹스 귀엽다? 
정숙배우ㅠㅠ비콘스필드 부인땐 
괜찮은데 기네비어때 평소보다 덜 신난 톤이고 
소리도 작았어 정숙배우도 목 안 좋으셨나봐 
주교님 야옹이씬에서도 기네비어 좀 약하셨어ㅠ 
기네비어가 루시한테 ""굴러온 봉을 놓치네 
내가 갈걸 그랬네""할 때도 아무도 안 웃더라ㅋㅋㅋ 
머글들 잘 웃는 부분인데..이런 덕덕한 분위기ㅋㅋ 
은지킬은 평소보다 더 여유있게 레드랫을 즐겼어 
해나루시 춤 열심히 지켜보는 것도 그렇고 
여앙들이 터치해도 딱히 거부하지도 않고 그저 즐겨 
그러면서 왼손도 꿈틀꿈틀 
해나루시랑 처음 말하는 자리에서도 
해나루시가 ""이름이?""하고 묻자 
바로 대답 안 하고 의자에 등 기대고 
천천히 그윽하게 해나루시 쳐다보다가 
뜸 들이고 ""헨리""하고 대답하는데 
어우 그 눈빛이 평소보다 더 찐득하게 
루시한테 관심 더 있어보였어 
그저 친구로 지내자는 것도 말은 친구지만 알지?.. 
그 이상을 원하는 은지킬 위선자! 
(엠마 도망가 재현스트랑 약혼해..) 
루시랑 얘기하면서 계속 욕망을 느끼고 
그럴때마다 왼손이 꿈틀대서 
집에 가서 본인으로 연구해야겠다는 걸로 
이어져서 개인적으로 왼손 꿈틀 서사 엄청 좋아해 
은지킬 올해의 마지막 사골ㅠ좋았다 
그저 좋았고 몇년간 못 들을 걸 생각하니 눈물 났다 
그래서 지금 이 순간 그 가사 한글자 한글자가 더 소중했어 
간절한 기도 절실한 기도 신이여 허락하\소____서--- 
이 부분 높게 지르는 것보다 굵게 까는거 좋아하는데 
이 사골은 유난히 더 푹 고은 
찐한 사골이라 진짜 좋았어ㅜ 
마약씬ㅋㅋㅋㅋ.... 
난 다들 이렇게까지 은 놀리려고 
안 웃을 줄 몰랐지ㅋㅋㅋㅋㅋㅋㅋ 
다들 한마음 한뜻이구나 그때 진짜 덕덕했다 
""이 느낌은.. 마약?"" 했는데 아무도 안 웃으니까 
""마약... 이게 마약인가..?"" 
하다가 머리였나 목 뒤 긁적긁적하면서 
은언니 ""아이씨..""ㅋㅋㅋㅋㅋㅋㅋㅋ 
웃기는데 진심인 은언니인데 아무도 안 웃으니까 
실험대로 가서 생각하는거 같더니 
운동도 잘해 
은실덩실 춤추더니 춤도 잘춰 
노래도 잘해 하고 
뚜렷한♪변화는♬없~다도 
평소보다 더 리듬 탔고ㅋㅋㅋㅋㅋ 
그러고나서 하이드 등장ㅠ 
초록 조명 눈뽕 때문에 하이드 거울 보는건 잘 못 봤어 
대신 하이드가 실험대 물 찰방찰방 
물병 평소보다 더 쿵쿵 여러번 내려치고 
실험도구 좀 더 건드렸던거 같아 
얼랍1 끝나고 함성 진짜 쩔었지 
얼랍1후에 기도하네 MR 나오는데도 
함성 안 끝났어ㅋㅋㅋ 
근데 진짜 저 날 얼랍1 진짜 좋았다ㅠㅠ 
나 원래 댄져때 은하이드가 제일 굵직한 저음이라 좋아하거든 
근데 얼랍1 진짜 댄져급 저음 
평소보다 더 굵직굵직 낮아서 너무 좋았어 
기도하네 시작 전 졤마 좋았던 부분 
원래는 ""연구보다 더 중요한게 있단 걸요.이를테면 저같은""하고 
대사를 빠르게 타다다닥 쳐서 
아쉬웠는데 이날은""이를테면..저같은..""하고 
좀더 서운하고 불안한듯이 말해줘서 좋았어 
졤마 하이노트도 여전히 좋고 
은윤졔봉 4중창 기도하네는 최고지ㅠ 
루시가 명함 보고 찾아왔다고 할 때 
그때도 은지킬은 내가 뭘 실수했나? 하이드인걸 들켰나? 
명함을 내가 실수로 떨어트렸나?하는 
의심+경계+날카로운 지킬 
해나루시 여기서 ""그때 친구분들이랑 레드랫에서요!"" 
대사 빠트려서 잠깐 침묵이 있었는데 
극 분위기가 크게 깨지진 않았어 
심퍼씨? 루시가 Sympathy And Tenderness 부르는거 
뭐라고 불러? 암튼 선량함 상냥함 따뜻한 손길 내 몸을 감싸네라고 하는데 난 왜 치료해주는 은지킬도 무섭냐ㅜㅠ 
실수라도 루시가 은지킬=하이드 의심하면 바로 뭔일 날거같아 
루시는 그것도 모르고 은지킬의 손짓 하나하나 너무 소중하고 
따뜻하겠지만ㅠ 
루시 썸원라잌유 부를 때도 은지킬 왼손 계속 꿈틀대고 
심장에 손 올려서 두근거리는거 느끼고 
입술 만지다가 왼손 꿈틀대는거 붙잡으면서 퇴장하는거 
한시라도 가만히 안 있고 디테일+디테일+디테일이라 
은지킬 공연 중에 좋아하는 부분 
난 은지킬/하이드가 완전히 구분되는게 아니라 
은지킬에서 모습이 이미 많이 보이는게 좋아 
얼랍2ㅋㅋㅋㅋㅋㅋㅋ 
안녀엉~ 그동안 살이 더 찐 고양이 
살찐 고양이로는 만족 못했냐고ㅋㅋㅋㅋㅋㅋㅋㅋㅋㅋㅋ 
머더머더 테디 죽일 때 
머리를 너무 다소곳하게 깔끔하게 
예쁘게 뒤로 넘긴채 죽여서 
은지킬이 은하이드 죽이는줄 알았네... 
원스어폰때 엉엉 엠마 당신이 필요해요하고 
울다가 엠마가 지킬 안은 팔 껴안은 지킬 왼팔 
손이 꿈틀꿈틀대서 정색하면서 엠마 피하는거 
왜 자넷되서 이제서야 봤냐..ㅠ 
엠마 안 다치게 하려고 엠마 피해서 술래잡기 할 때도 
하이드가 언제 튀어나올지 몰라서 조마조마 
엠마한테 기대고 싶고 가까이 있고 싶은데 
불안정한 자기 상태로는 엠마를 다치게만 하니까 멀어지고, 
그런 지킬의 상태를 모르는 엠마는 답답하고 불안하기만 하고.. 
스옵매에서는 부정하려 해도 하이드가 
자기가 숨기고 싶었던 자신의 악한 면이라는걸 
인정하는데 지킬이 너무 지쳐있어서 안쓰러워 
스옵매랑 웨이백도 멜로디가 비슷한데 
스옵매에서는 부정 못하고 강제로 받아들인 하이드를 
웨이백에서는 다시 밀어내고 벗어나려는것도 재밌다 
그리고 인히쟈 시작 전에 뒤로 물러나면서 연기하는데 
지킬이 두손 모아서 제발..제발..하다가 
왼손 꿈틀대기 시작해서 은지킬 놀라다가 
하이드 까꿍까지는 원래 늘 봤던 디텔인데 
하이드 나오면서 으하하 하는 하이드 웃음소리 처음 들었어ㅠ 
졤마 해나루시 인히쟈야 최고지 
해나루시 힘있고 시원한데 맑고 깨끗하게 지르는 소리+ 
졤마 고운 꾀꼬리 소리 = 최고 +a(미친 배음) 
해나+졔가 인히쟈 최애페어라서 너무 좋아 
나도 소리 표현 잘하고 싶은데 이게 한계다... 
어우 은지킬, 해나루시 댄져 
별거 없는데 왜이렇게 자극적인지 
해나루시가 몰랐어- 하면 
은지킬이 아 미친 그 낮은 저음인데 
약간 나른하고 숨소리 살짝 섞인 듯한 소리로 
몰랐어?하고 피식 비꼬듯이 대사로 바꿔서 부르는데 
이거에 진짜 치인다.. 
기분탓인지 유난히 이날 댄져때 은하이드가 루시 정면으로 보는 
자세가 많았던거같기도... 
해나 루시 뉴라잎ㅠ 
나는 해나 루시가 참 당차고 강하고 의지가 강한 루시인거같거든 
그래서 뉴라잎~ㄹㅅㄷㅅ로 이어질 때 제일 마음 아파 
이제 다시 타오를 불꽃처럼 살아나려하는데 죽어서.. 
이날 은하이드가 역대급으로 진짜 무서웠어 
해나루시가 은지킬인 척 하는 은하이드 목소리 듣고 
뭔가 깨달은거 같았거든? 
해나루시가 입으로도 뭐라고 중얼중얼거렸어 
그래서 어..? 하면서 자기 어깨에 올려진 
은하이드 손을 만지는데 
은하이드가 그대로 찔러ㅠ 
그리고 살려달라고 은하이드한테 매달리는 루시한테 
노래 부르면서도 약간 
응 그래그래~하면서 즐기듯이 목을 슥 긋는데 
와... 나 어제 은하이드 진짜 너무 소름 돋았잖아 
난 카하이드가 이렇게 
루시 죽이기 전에 미리 루시 목을 손으로 
슥 긋고, 루시 죽이면서도 쉬이이이 하는 것도 
진짜 미친 거 같았는데 
해나루시가 지킬인 걸 알아차릴 뻔한 
연기를 해줘서 더 무서웠어 
해나야ㅠㅠ해나루시야ㅠㅠㅠ 
동하이드는 눈 감고 죽였던듯 
죽은 루시한테 털코트 덮어줄 때 
털코트 뒷면으로 덮어주길래 어?? 원래 그랬나? 
그리고 바로 안 덮고 은지킬이 좀 망설이고 덮길래 
루시에 대한 미안함, 죄책감이 컸나? 생각했는데 
해나가 라방에서 요새 더운데 은언니가 
다리 끝에만 뒷면으로 덮어줘서 고맙다고 했다며ㅋㅋㅋ.. 
난 그것도 새로운 디테일인줄 알았잖아ㅜ 
컨프롱 
나 드디어 침뱉는 은 컨프롱 봤다!!! 
손가락 까딱까닥, 가슴팍 팍팍 치기 
발구르기, 오른손에 침 뱉기 
사악하게 낄낄 웃으면서 지킬 비웃는 하이드.. 
은지킬이 전체적으로 약하기도 했지만 
은하이드가 너무 여유로웠고, 너무 셌어 
어떻게든 지킬 엿먹이려고 없어진 척 숨어있다 
결혼식을 노린거.. 
웨딩때는 하필 지금 하필 이때 
평소처럼 왼손 붙잡고 바닥에 쾅쾅 안해줘서 
조금 아쉬웠는데 
지킬이 너무 지쳐있어서 그런 것 같다는 바발들 덧글 보니 
이해가 됐어 
평소랑 크게 다른거 없는거 같으면서도 
그냥 너무 여운이 많이 남은 
은지킬 막공이었어ㅜ 
오디는 나한테 천번 만번 혼나자 
왜 박제랑 오슷을 안 주니 

",https://gall.dcinside.com/mini/board/view/?id=theatergoing&no=16348&search_pos=-23174&s_type=search_subject_memo&s_keyword=웃는 남자&page=1
dc,ㅇㅇ,2022.07.12 17:38:07,"웃는 남자, 마타하리 MD 온라인판매","

못 산 바발들 고고

",https://gall.dcinside.com/mini/board/view/?id=theatergoing&no=16274&search_pos=-23174&s_type=search_subject_memo&s_keyword=웃는 남자&page=1
dc,ㅇㅇ,2022.07.11 12:07:48,"0709 웃남 티몬 전관 낮공 후기(자리 비추 포함, 매우 긴글 주의)","

 자리 결론부터 말하면 
 중블 못 갈거면 B말고 꼭 D가라 
 자첫땐 D였는데 크게 아쉬운거 없었거든 
 근데 B.. 일단 유랑극단 보러 온 조시아나 안 보이고 
 대혼란을 무찌르다 초반에 앙들에 가려져서 
 그윈, 데아 잘 안 보여 
 내 삶의 전부 때 그윈 등, 뒷통수만 보여서 
 표정 안 보이고 데아 안 보이고 
 마지막 엔딩때도 죽은 데아 끌어안는거 
 난 은윈이 '쉬잇..' 한 줄도 몰랐어 안보여......ㅠㅠ 
 커튼콜도 잘 안 보여 
 자첫땐 콤프라치코스 바다에 가라앉을때 
 특히 대장 할아버지가 뭐라뭐라하는거 
 잘 안 들렸는데 이번엔 잘 들려서 좋았어 
 아기 그윈이 추위에 떨다 눈보라 속에서 
 아기 데아를 만나는 장면 
 난 이 부분 눈보라를 안무로 표현한 걸 정말 좋아해 
 눈의 요정들이 춤추는거 같아서 
 안그래도 어른 동화같은 웃남을 더 동화같이 
 표현해주는거 같거든 
 아역이라 쓰기 좀 그렇긴한데... 
 이 부분에서 애기 그윈 ㅇㄷㅎ 연기나 노래가 조금 아쉬웠어 
 데아 이름 지어주고, 뒤에 우르수스한테 찾아갈 때도 
 너무 또랑또랑 부르고 말하는거에만 집중하는 느낌이라.. 
 나한테는 감정 전달이 잘 안되더라고 
 근데 아역은 당일 캐슷 발표전까지는 모르기도 하고 
 비중도 얼마 안되니 크게 문제되진 않았어 
 후기 쓰다 알게된건데 애기 그윈이 
 애기 데아한테 불러주는 넘버가 
 그윈이 어릴 때 클랜찰리 공작부부가 불러준 자장가구나.. 
 그럼 애기 그윈은 이때까진 엄마 아빠를 
 기억하고 있고 엄청 보고 싶었겠지..?ㅠㅠ 
 민파파가 애기 그윈이랑 데아 들여보내고 
 애기 그윈이 감자 떨어트리니까 아까운 감자를 왜 떨어트려!! 
 자첫땐 D여서 가든파티 때 
 오글 써도 멀어서 조시아나 보기가 힘들었는데 
 B에선 가까워서 이건 좋더라 이것만.. 
 신시아나 ""언니??""하는거 귀엽고 
 앤여왕이 ""아하하하 조시아나..여공작""하면서 
 입술꽉 깨물면서 조시아나 싫어하는거 티 
 팍팍 내는거도 잘 보였어 
 언니 저건 뭔 개소리하러 또 여기까지 꾸역꾸역 왔나 
 하는 개귀찮아하는 신시아나 표정도 좋아 
 앤여왕의 '데이빗 경이 이제 클랜찰리 가문의 적법한 후계자다' 
 하자마자 설마, 설마!!하면서 불안한 기운을 눈치채다 
 결혼하라는 말 듣고 빡친 신시아나 
 어둠의 세계로 부르면서 제자리에서 
 한번 빙그르르 도는데도 
 음정 소리 하나도 안 흐트러지는 신시아나 대박이더라 
 좌블 좋은 점 페드로가 
 야욕을 드러내고 비열하게 웃으면서 퇴장하는 
 씬들이 몇개 있는데 그런게 잘 보였던거 같아 
 일단 와, 유랑극단 공연에서 
 민파파 함성 유도 
 1층 함성 안 끝나니까 그만해 그만해! 
 3층 천사님들 소리 질러!!!! 
 은윈 첫 등장하고 목도리 내렸을 땐 
 입은 웃고 있는데 눈은 싸늘해 
 그래서 내 찢겨진 입을 보고 웃는 너희를 위해 
 재롱은 피워주지만 너희도 역겨워라는 느낌 
 그리고 나위천 하얀 구름 부르기 전까지 
 맘 속으로 계속 
 은윈 제발 그 입을 떠!!! 빨리 듣고싶다는 생각ㅋㅋ 
 0709 은윈은 전체적으로 자첫 6월말 봤던 것보다는 
 소리가 좀더 단단해진 느낌이었어 
 자첫 은윈이 나위천이나 캔잇비가 
 공기 반 소리 반이었다면 
 이날 은윈은 공기 40 소리 60? 
 큰 차이는 아닌데 조금 다르더라 
 솔데아보다 숩데아도 아주 약간 더 단단해서 
 은윈과 숩데아의 나위천이 조금 더 단단했어 
 저번 은윈+솔데아의 나위천이 솜사탕처럼 가볍고 포근달콤했다면 
 은윈+숩데아 나위천은 마시멜로우였다 
 하지만 여전히 포근하고 달콤하고 아름답고 눈물 난다.. 
 대혼란을 무찌르다 부르기 전에 
 민파파가 톰짐잭한테 뭐라고 놀리니까 
 타민톰짐잭이 안그래도 무시당하는 건 익숙해? 
 그런 식으로 말하는데 상처 많이 받았겠더라.. 
 유랑극단 공연 끝나고였나 궁전 끝나고였나 
 민파파가 오늘 바이올린 팔아서 고기 쏜대~!할때 
 바이올린 하는 분 표정 보고 싶었는데 
 오른쪽 사이드에 계셔서 못 봤어ㅜ 
 이 분 극 중간중간에 와펜테이크 나오면 
 같이 호다닥 쫄아서 숨고 
 유랑극단 춤에 맞춰 리듬타는 것도 재밌어ㅋㅋ 
아버지는 잔인한 킬러할 때는  
너무 잔망스러워서  
아..내가 지금 뭘 본거지...  
은언니..본체 나이가......  
애 셋 아부지... 우르수스 나이급일 분이..  
내 기준 지킬 마약씬보다 더 충격이었어 
내가 은롤라를 못봐서 더 충격일지도.. 
유랑극단 보는 조시아나는  
내 자리에선 안 보였고ㅠㅠ  
신시아나한테 장미 주려고 신나하다가  
신시아나가 은윈한테 빠져서  
팍 실망받고 상처받은 타민데이빗..  
신시아나 편지 받고 읽을 때 은윈 표정이  
'대단한 귀족 나으리께서 무슨 개소리를 하려고?'  
→고귀하신 나와 비천한 너  
여공작인 나와 배우인 너  
아름다운 나와 흉측한 너  
'이게 뭔 소리야 나 놀리려고 편지한거야?'  
→'어..? 나한테 기회가 온건가?'  
→'이 기회를 잘 써야겠어'하고  
약간 비웃는? 쎄하게 웃는 표정 변화  
궁전 부르면서 은윈이랑 숩데아 춤출 때  
숩데아 발 옮겨주는 피비? 비너스?랑  
멀리서 데아 넘어질까봐 조마조마하면서도  
기쁘게 웃는 민파파ㅠㅠ  
그리고 누가 은언니한테 그런건 마차가 아니라고  
좀 해줘라ㅋㅋㅋㅋㅋㅋ  
무슨 마차가 비포장도로에서 150키로 넘게 달리듯이  
격하게 움직여ㅋㅋㅋㅋㅋ  
결국은 은윈도 머리 부딪혀서? 탈진해서 쓰러짐ㅋㅋㅋ  
아 마차 탈 때도 데아 들으라고 똑똑하는거 첨 봤어  
은윈이 편지받고 신시아나한테 가니까  
숩데아는 아무것도 모르고 우리 진짜 궁전에 가는거야??  
하고 기대하면서 피비랑 비너스 따라 나가는 느낌ㅠㅠ  
아니야 우리 숩데아 그거 아니야 숩햄찌ㅠㅠㅠ  
날 울게 하는 작은 천사 숩데아ㅠㅠ  
조시아나의 천막에서는 은윈도 한몫 챙기려 간건 맞는데  
자기가 생각한건 이런게 아니라서 어;;; 잠시만요;;  
일단 술 주니까 먹긴 먹어야겠고 이 상황이 불편해서 술 꿀꺽  
나와 닮은 사람에서는 은윈이 조시아나한테 반한건 아니라고 생각해  
그저 이런 내 얼굴을 보고 호감을 갖는 사람이 있구나  
신기함+기대+설렘, 조시아나를 이용할 수 있겠다 정도?  
캔잇비는 자첫 공기 반 소리 반일땐  
은윈의 캔잇비 초반이 톡 건드리면 어디론가 사라질  
신기루같고, 공기중에 아스라히 퍼지는 느낌이었는데  
이번엔 조금 더 단단해서 그 정도는 아니지만  
어딘가 아련하고 몽롱해서 정말 가사처럼  
꿈일까? 은윈의 노래소리마저 꿈, 환상같았어  
그러다 점점 단단해지면서 은윈도 자신을 갖게 되고  
현실로 돌아오는 기분  
데이빗 개새끼 씬...에서는  
예전엔 걍 데이빗이 여자 좋아하는 호색한이라  
만만하고 약한 데아한테 그러는거 같았는데  
신시아나를 은윈한테 뺏기고?  
은윈한테 져서 자존심 상하고 신분상승 기회도 불안하고  
화나고 짜증나서 은윈한테 앙갚음하려고 한 느낌  
숩데아ㅠㅠㅠㅠㅠㅠ  
진짜 너무 무서워하더라  
숩데아가 ""아버지.. 그 남자 힘이 너무 셌어요""  
하는 것도 데이빗이 힘이 셌다기 보다는..  
숩데아가 살면서 남자한테 그렇게 붙잡힐 일이  
뭐가 있었겠니..거기다 그윈이나 우르수스도 살살 대할거고ㅠ  
숩데아 얼마나 놀랐을까  
행권에서는 은윈은 '내가 나 혼자 잘 먹고 잘 살겠다는 것도 아니고  
내가 잘되면 아버지랑 데아도 잘 살 수 있는데  
아빠는 왜 내 잘못이래!  
아버지처럼 살긴 싫!어! 난↗↗↗'  
민우르는 '아이고 얘야 왜 내 맘을 모르니 아직도 철이 안 들었니  
제발.. 현실은 그렇게 쉽지 않아 이 똥강아지야'  
숩데아 장님 연기 진짜 대박이라 느낀게  
눈물은 강물에 부르면서  
피비랑 비너스가 숩데아 한바퀴 핑그르르 돌리는데  
그때도 눈 진짜 안 보이는거 같아  
넌 내 삶의 전부  
그윈 등짝만 잘 봤어..  
등으로 노래하는 그윈과 숩데아의 노래소리만 들렸어  
그래도 이미 눈물 좔좔좔  
2막 클랜찰리 공작저의 침대에서  
눈을 뜬 은윈  
은윈만 보느라 저번엔 천장의 천사그림  
보지도 못했는데 이번엔 봤어ㅋㅋ  
침대에 누워 천사 그림을 보니 어렴풋 부모님이 불러준  
자장가와 그 추억이 떠오르는 연기  
아 각하의 소유 진짜 은윈 잔망 잔망 개잔망  
잔망 더 심해진거 미치겠네ㅋㅋㅋㅋㅋㅋㅋㅋㅋ  
앞에서 앙들이 노래 부를때  
침대 앞에서 뒷모습으로 열심히 쭉쭉 춤추고  
앞에 나와서 손뽀뽀 여기 저기 날리고  
파티션 뒤에서 클랜찰리 공작 옷 갈아입을때도  
예전엔 옷 갈아입혀주는 앙들  
여기 보세요 나 좀 봐요 톡톡 수준이더니  
이젠 걍 내 애교를 봐! 여길 봐~!  
여왕의 명으로 그윈과 결혼하게 된 신시아나  
언니의 명령 하나로 또 결혼이 쥐락펴락 바뀌니  
언니도 언니지만 그윈 그 자체도 극혐하는 거 같았어  
그리고 서신 넘버 가사에서도 나오지만  
'고귀하신 나와 비천한 너  
여공작인 나와 배우인 너  
아름다운 나와 흉측한 너'  
신시아나가 그윈에게 관심을 가지는건  
자기랑 전혀 다르고, 그윈을 보고있자면  
고고한 내 지위가, 내 아름다움이 더 돋보이고  
짜릿해서인 것 같아  
같은 귀족들이 공작님 공작님 예뻐요하는거보다  
못생기고 흉측하고 저바닥인 그윈을 보고  
느끼는게 더 좋은거지  
근데 그런 그윈이 나랑 동급인 공작이 되버렸네?  
감히 그윈이? 이 나 조시아나 여공작과?  
그래서 더 짜증난듯  
궁전 맆을 부르면서는  
분명 데아와 같이 상상했던 그런 궁전에 와 있는데  
뭐가 허전하고 이상한걸까  
막은 안 올라 부르고 나서  
데아가 혼자 부르는 내 삶의 전부 맆ㅠㅠ  
물론 데아는 그윈을 생각하며 부르는거겠지만  
듣는 우르수스 민파파는ㅠㅠ  
민파파에겐 하나 남은 데아가 우르수스 삶의 전부인데ㅠㅠ  
모세는 그날따라 더 단단한 은윈이라 그런가  
자세가 그래서 그런가  
지킬 사골이 생각났어.. 사골급 강한 의지?  
어린 그윈과 우르수스의 추억을 회상하며  
애기 그윈의 손동작을 따라하며  
잊었던 소중한 것들을 떠올리는거 좋아  
데이빗과의 검투도 좀더 짜릿해져서 좋았고  
니 입도 찢어줄까?할때는 고양에 가있어야 할  
은하이드 잠시 왔다갔어  
그눈떠도 처음엔 설득하듯 말하다  
점점 단단하게 강하게 말하는거 좋더라ㅠ  
무릎 꿇고 간절하게 말했는데  
무시하는 산타푸들+앤 여왕ㅠㅠ  
그래서 빡돌아서 이새끼들 곱게 말해선  
못 알아듣지 하고 하이드 소환  
웃는 남자 부르는거 최고  
신시아나 내 삶을 살아가는  
내가 그렇게 하찮게 봤던,  
저 천한 광대마저도 소중한 것에 행복을 느끼고  
자기 방식대로 살아가려는데  
그런 그를 무시하고 깔본 자신을 반성하는듯  
피날레에서 우르수스랑 데아가 하안..구름 하는데  
데아는 민파파 마음도 모르고ㅜㅜ  
계속 그윈만 찾고ㅠㅠㅠㅠ  
데아 죽으면서 ""아버지.. 빛이 보여요..""  
하는데 숩데아 연기 진짜 쩔어ㅠㅠ  
진짜 눈 보이는 연기..  
죽은 데아 껴안고 입은 웃는데 눈물 줄줄줄  
엄청 흐느끼는 은윈 연기도..  
바다에 걸어들어간 후  
보라색 천 뒤로 위로 올라갈때  
그때도 데아랑 은윈은 서로 보면서 웃는데  
야 이 똥강아지들아ㅠㅠ니네만 웃으면 어떡해  
혼자 남은 민파파는...  
자식이 부모보다 먼저 가는게 그게 진짜 큰 죄랬어ㅠㅠ  
너네는 해피엔딩이지 우르수스한테는 메리 새드엔딩이다ㅠ  
커튼콜때는  
 이렇게 뒤로 서서 V 하더니 
 혼자 인사하러 뛰어나올 때도 
 진짜 잔망잔망 엄청 폴짝폴짝 뛰어오더라ㅋㅋㅋ 
 마지막에 은윈,숩데아,민파파 춤추는건 
 너무 안쪽으로 들어가서 
 위로 방방 미친듯이 뛰어오르는 은윈밖에 안 보였는데 
 이런 느낌 아니었을까ㅋㅋㅋㅋ.. 
 티몬 무인은 짧았고 
 신시아나가 럭드 뽑으면서 
 ""넌 특별해~넌 달라~"" 불러줬고 
 그때 뽑힌 분이 반응 엄청 좋아서ㅋㅋ 
 은언니가 ""그래 뽑히면 저렇게 해야하는거야 알겠지?""했는데 
 그 다음에 뽑힌 분은 자기인줄 몰라서 조용하니까 
 ""뭐야 우리 아까 약속했잖아""ㅋㅋㅋ 
 그리고 문제의 전시회 티켓? 
 ""특별히 여러 사람한테 준다고 합니다. 
 같은 층 같은 블럭 같은 열 사람들 전부""라고 했는데 
 은언니 이해 못해서ㅋㅋㅋㅋㅋ 
 ""그러니까.. 같은 층..? 같은 열에..?""이러니까 
 민파파가 설명해주고ㅋㅋㅋ 
 민파파 보고 은언니가""역시 사회자는 달라~!""하는데 
 사회자는 은언니인데요ㅋㅋㅋㅋㅋㅋㅋ 
 은언니 그 후로도 계속 큐카드 까먹어서 
 축하 다 해놓고는 
 큐카드 보고 거기 적힌대로 
 ""네, 축하합니다""ㅋㅋㅋ 
 아 그리고 민파파 컷콜때는 우르수스 풀착장이었는데 
 무인땐 그 짧은 순간에 털옷 벗어놓고 오셨더라 
 와 나도 쓰고 보니 후기가 이렇게 길어질 줄 몰랐어 
 너무 긴 후기 미안해 

",https://gall.dcinside.com/mini/board/view/?id=theatergoing&no=15507&search_pos=-23174&s_type=search_subject_memo&s_keyword=웃는 남자&page=1
dc,ㅇㅇ,2022.07.09 23:59:42,갠적으로 웃남 가사 중에 한동안 갸우뚱했던 부분이,"

'허나 삶의 끝이 여기가 아님에 감사하는 내가 최후의 웃는 남자' 이 가사가 맥락이 잘 이해안됐었거든
니가 최후의 웃는 남자인건 잘 알겠는데 이 앞까지 계속 귀족들이랑 조시아나 막 까다가 갑분 삶의 끝...? 감사...? 약간 요런 느낌이었어서
혼자 생각해본게
귀족들은 세계관이 딱 상위 1프로에 한정돼있고 그 밑에도 다른 세계가 있단 걸 모르거나 안 보고(상원들, 앤 여왕)
또는 그 세계관에 질리고도 벗어나려 해보진 못하고 이상한 방향의 일탈로 풀지만(조시아나)
자기는 귀족의 화려함과 부를 경험해봤지만 그 속에서 자신이 살고자했던 삶의 방향은 벽에 부딪혀 이어갈수 없단걸 깨달은 후에는 미련없이 박차고나올 수 있단거 같음
여기가 끝이 아니라 너머에 다른 세계가 있단걸 알고, 그게 자신이 익히 알고 경험해온 밑바닥일지라도 난 모든걸 버리고 그곳으로 돌아갈 수 있다는
아마 그윈이 저렇게 자신만만하게 외칠 수 있었던 건 데아의 곁이라는 돌아갈곳을 믿어 의심치 않아서였을텐데..... 내 삶의 전부, 내 삶의 천국이.........ㅠㅠㅠㅠㅠㅠ
그윈아 암만 그래도 글치 우르수스 곁은 곁도 아니냐,,,

",https://gall.dcinside.com/mini/board/view/?id=theatergoing&no=14973&search_pos=-23174&s_type=search_subject_memo&s_keyword=웃는 남자&page=1
dc,ㅇㅇ,2022.07.08 08:55:36,쓰리박의 ‘웃는 남자’가 왔다,"

https://n.news.naver.com/article/028/0002597656?sid=103

",https://gall.dcinside.com/mini/board/view/?id=theatergoing&no=13902&search_pos=-23174&s_type=search_subject_memo&s_keyword=웃는 남자&page=1
dc,ㅇㅇ,2022.07.08 00:40:38,아까 쓰다 날린 혼할배콘 후기(매~~우 장문),"

갈말 고민하다가 셋리에 민신 댄져 보고 급하게 잡았는데
너무 좋았다....휘발되는 기억을 붇잡으려고 셋리 순서대로
후기를 써볼게
먼저 음향은 전체적으로 짱짱하고 1층이어서 그런건지는
몰라도 깨끗했어 단 성량 짱짱한 배우 둘 또는 합창 할 때
너무 짱짱해서인지 좀 깨지긴한거 제외하고는 기대 이상
1.서곡
혼 할배 넘버 메들리였는데  연주되는 넘버를 다 알지는 못했는데
그래도 알았던 넘버는
 사랑이야,언제나 그대 곁에,넌 내꺼야(불확실),기억해 이 밤
마지막 순간,온 세상 내것이었을 때, 지금 이 순간 이정도?
연주곡이라서 지루할 줄 알았던 내 예상을 깨고 좋았어
나만 그렇게 들린지는 모르겠지만 기억해 이 밤에서
바이올린 솔로 파트에서 이선희 인연하고 되게 비슷하게 들렸어
1-2 혼 할배 영상 편지
이 자리에 함께 하지 못해 아쉽지만 좋은 밤 되었음 좋겠다는 내용
끝으로 감사합니다를 한국어로 했어
2. 나무 위의 천사-유소리,장윤석
음색 합이 따뜻해서 기억이 남았어
소리 데아는 지금 웃남 공연을 해서인지 여유가 느껴졌어
윤윈플렌..?도 맑고 깨끗하고 단단함이 어우러져서
풋풋함이 느껴지는 나위천이었어
3.내 앞에 펼져진 이 길-장윤석
소리 짱짱하고 의외로 성량 커서 놀랐던게 기억나
앞으로 커리어만 잘 쌓으면 차기 아더도 노려볼만 했던 것 같아
한가지 아쉬웠던 점은 ㅇ발음을 전부 ㅎ으로 부른다는 점
그거 말고는 좋았어
4.언제나 그대 곁에-에녹,전수미
오늘 처음 보는데 녹몬테,숨메르 왜 본 것 같지..?
오늘부터 존버 1일차 그 정도로 잘 어올렸어
그리고 숨메르 이 넘버에서 린메르하고 되게 비슷했었어
5.알 수 없는 그 곳으로-카이,유소리
개인적으로는 초반 불호였는데 그 이유는 서로의 성량이 다르고
또 유소리 배우가 부를 때 나무 위의 천사 같은 느낌을 받아서
한쪽이 묻히는 느낌이었어 그래도 이건 초반에만 그랬고
후반에는 잘 맞아서 불호가 다행히 호 쪽으로 바뀌었어
6.남자 대 남자-민영기,에녹
진짜 군인들 같은 느낌이었어 민라두 성량에 밀리지 않는 녹르망
이 넘버 부터였을거야..스피커가 터질려고 했던게..
  
7.댄져-민영기,신영숙
오늘 표를 잡은 이유1 한마디로 얘기하면 마라맛 ㄹㅇ 마라맛
엑칼 초연 욕망<루돌프 시절의 증욕<<<댄져 이 느낌이었어
신루시 콘인데도 이렇게 잘 어올릴 줄이야...민하이드도 첨 보는데
딱 첫 소절 듣자마자 아 오길 잘했다 생각이 딱 들더라
앰개야 민신 댄져 박제 시급하다 못사들 없어야 한다..제발..
8.없는 사랑-에녹
이번 시즌 한명 빼고 다 전캐 찍었는데 그 못한 한명이
녹슬럿이었다...나 왜 녹슬럿을 이제야 봤지...
성량도 짱짱한데 너무 애절하게 불러서 콘이 아니라
엑칼 보러온줄 알았어..ㅋㅋㅋ
9.내 마음을 조심해-전수미
이 넘버는 처음 듣는데 재즈풍으로 시작하는데 숨타가 객석 입구로
등장하더라구..놀라서 1차로 놀랐어 이동하다가 1열 중앙에서 관객
하고 춤도 추고 그분도 많이 당황하셨을텐데 센스있게 잘 받아주시더라
이제 무대 위에서 마저 넘버를 이어가는데 뒤돌더니..환복에서 2차로
놀랐고 객석 분위기는 난리였어 마지막에 독무까지 완벽했고
퇴장도 간지나게 퇴장
10.사랑이야-신영숙
입장하고 저 무대(숨타)뒤에 잔잔하게 사랑이야 불러야 해요
이렇게 말하고 넘버 시작, 이 넘버는 신댄 유툽 
천명 구독자 기념 라이브 때 완곡 첨 듣고 오늘이 두번째였는데
집에서 힘빼고 부른 것 보다 확실히 공연에서 자기 파워로 부르니
그래...이게 라이브지...하고 만족하면서 들었어
그리고 개인적으로 이 넘버는 신 하고는 안 맞는 느낌이 들었지만
끝나자마자 무의식적으로 박수치는 나였어
이렇게 1부 끝!!
2부의 시작은 오케스트라의 웃는 남자의 웃는 남자 연주
1.아비의 죄-신영숙
신모르가나 피셜 운명에 맞 서 악쓰는 노래
도입 고음 끝나고 반박자 늦게 들어가서 빠른 가사
더 랩처럼 부르고 싸비에서 다행히 원상복구되서 
또 한번 지붕을 날렸어
본공 때와는 다르게 합창이 없어서 신모르가나가 넘버 부르는 동안
입 모양으로 코러스 넣는 재미도 있었어
  
2.세상의 끝-민영기
입장할 때 모르가나..흑마법은 위험해..라고 대사쳤어
오늘 민이 부른 넘버 중에서 가장 성량 터지는 넘버였어
후반 마지막 고음 때 살짝 음이탈 있었는데 그걸 힘으로
커버하더라구..정말 대단하다고 느꼈어
3.사냥 중인 매처럼-에녹
이 넘버도 처음 들어서..집중하고 싶었는데...
미안해 바발들...빠른 박자에도 또렷한 딕션밖에 기억이
안나네..ㅠㅠ
4.넌 내꺼야-전수미
박제 된게 옛날 연습 영상밖에 없었는데 이렇게 풀로 들으니
이런 내용이었구나하고 알게됐어 다른 넘버에서는 안그랬는데
유독 이 넘버에서만 소리가 뭉개져서 반은 못알아들었어ㅠ
그럼에도 찢어놓은 숨테파니
5.과거의 내 모습-카이
이 넘버도 처음 들어서...또 사과할게 바발들...터지는 성량과
섬세했다는 느낌외에 휘발됐다...ㅠㅜㅜㅠ
6.결코 질 수 없는 싸움-카이
이 넘버부터 아는거 나와서  집중하고 다시 봤어 
카아더 결질싸 어레인지 오랬만에 들으니까 자첫때
그 전율이 다시 느껴져서 좋았어 이 넘버도 아비의 죄 처럼
소리는 안내고 입 모양으로 코러스 넣었어
7.모두의 세상-신영숙
오늘 표를 잡은 이유2 며칠전에 자첫했을 때도 
모세는 벅차오르면서 소름이 돋았는데 
오늘 조시아나가 모세를 부르니까 
웃남 엔딩 후의 에필로그같았어 눈을 뚠 조시아나의 
해피 엔딩같은 느낌
넘버 소화는  예상했던 대로  두성 섞어가면서 부르고
마지막은 진성으로 뽝!!!질러줘서 좋았어
8.날 시험할 순간-민영기
이 넘버도 처음 들었는데 가사가 되게 이뻤던 거로 기억해
전혀 상관 없겠지만 느낌이 
마치 젊은 시절의 요제프의 솔로 넘버 같았어
9.사골-카이
카지킬 사골은 오늘이 처음이었는데 와...성량에  압도당한다는게
이런 느낌이구나를 느꼈어 원래 그런건지 모르겠는데 좀 끊어서
부르더라고..원래 디테일인가..? 그거 외에는 벅차오르는 느낌을
잘 표현해서 엔딩곡으로는 제격이었다고 생각해
앵콜-내일로 가는 계단
오늘 나왔던 모든 출연진이 다 같이 부르는데 각자
위에 음향 좋았던 말 취소할래...가뜩이나 성량큰 배우들인데
합창하니까 가사를 내일로 가는 계단 외에는 못 알아들었어...
되게 희망적인 분위기였고 배우들은 문제 없었는데 
음향..찢어지더라..그거 외에는 앵콜 곡으로는 진짜 좋았어
마지막에 신댄이 하이노트 해줄 줄 알았는데...아쉬웠어ㅋㅋㅋㄱ
너무 장문이라 읽기 힘들었지? 고생 많았어 
기억나는 대로 써서 제대로 쓴지도 모르겠네..ㅎ
궁금한거나 혹시나 오타,문제 있으면 댓줘!!
+혹시 몰라서 티켓 사진 첨부해 봐

",https://gall.dcinside.com/mini/board/view/?id=theatergoing&no=13865&search_pos=-23174&s_type=search_subject_memo&s_keyword=웃는 남자&page=1
dc,ㅇㅇ,2022.07.07 14:45:32,두서없이 쓰는 웃남 7.6. 마티네 후기,"

박강현 민영기 김소향 유소리 이상준 김승대 김영주
삼연 자첫이고 스토리 알고 있었음에도
초반 아역 그윈플렌이 부르는 노래 가사 하나도 못알아들었음 ㅋㅋ
불판 보니까 컨디션 안좋았다는데 아역이 노래할땐 그냥 맘비웠음 ㅠ
민옵 그윈플렌 첫 만남씬에 너무 호들갑 떨어서 연기가 살짝 어색했는데 
잔인한 곳~~ 부르는 순간 모든게 용서되면서 집중 시작ㅋㅋ
가든파티 씬은 삼연까지 가사 제대로 들은적도 없고 자체 인터라 패스
웃는남자 공연 안에 공연 장면에서는 공타는 곰 나올때마다 객석 환호 (작게) 울려서 내가 다 뿌듯했음(?)
이제 대망의 뉴깡 등장씬 ㅋㅋ
어떤 영상으로도 다 못채울 비극적 운명의 연기를 말없이 뽐내서 진짜 뉴깡 별명 바꿔야한다고 생각해
새 별명은 깡렌(?)
나.위.천. 유소리랑 화음 왜이리 좋냐
아직 슬픈 장면 아닌데 슬퍼서 눈물났어 ㅠㅜ
향시아나 언제나처럼 내안의 괴물 찢었고
캔잇비 뉴깡 마지막 미성 안들은 사람 없어야 함 ㅋㅋ
그리고 대망의 내가 제일 좋아하는 1막 곡 행복할 권리
민옵이랑 뉴깡이 붙으면 재미가 더더블로 된다 
이거 진ㅋ짜ㅋ야ㅋ
모차르트 쉬운길은 잘못된길 부터 단련된 둘의 케미가 폭발하는 구간!!
(그런데 엠개극들이 은근 남vs남 넘버가 많은 것 같아 쉬운길, 남자대남자, 행복할권리 등)
1막 마지막에 뉴깡이 말도~~~ 안돼!!
소리지를 때 나도 외쳤다 
헐 벌써 1막 끝이라니 말도~~ 안돼!!
2막은 더 빨리 지나가서 지금 생각나는건
무척 신나하고 궁전 안에서 온실안의 화초처럼 해맑은 애같았던 그윈플렌이 데이빗 경의 진실과 모든걸 깨달으면서 변하는 모습!!!
2막안에서 애새끼에서 세상풍파 다 겪은 어른으로 확 바뀌는데 나는 두 모습 다 사랑할 수 있다!!
그 눈을 떠에서 잠시 희망에 찬 아이의 모습을 봤는데 콧방귀 뀌는걸 보고 다시 사악한 어른으로 확 바뀌는데 무서웠어 뉴깡 ㅠㅠ
(웃는 남자 옷찢고 퇴장하는데 몸 좋더라?)
데아의 대사 부터 (세상은 그윈플렌을 담을 만한 자격이 없어요 맞나?)
마지막 바닷속 회전하는영상미까지 항상 내 눈물 왈칵 버튼
아무튼 주절주절 후기 읽어줘서 고맙고
180분 인데 체감 18분 10초였어ㅋㅋ
다음엔 다른 캐슷으로 또 볼 예정 ㅋㅋ
아 김승대 데이빗은 불호임 본체 쪼 하고 노래 하고 뭔가 안맞아~~~

",https://gall.dcinside.com/mini/board/view/?id=theatergoing&no=13581&search_pos=-23174&s_type=search_subject_memo&s_keyword=웃는 남자&page=1
dc,ㅇㅇ,2022.06.30 10:44:25,ㅈㅁㅁㅇ) 근데 김문정은 원래 한 번에 여러 극 음악감독함?,"

여기서 웃는 남자랑 마타하리 지금 음악감독하고 있다고 봤는데
어제 데스노트 티켓팅하려고 보니 여기도 음악감독 김문정이던데
여기다 예능까지 하면 ㄹㅇ 스케줄 안 빡빡한가?
난 극 하나 뛰는 것도 벅찰 거 같은데 한 번에 엄청 많이 도네(..)
원래 음감들 다 한 번에 여러 극 하고 그래?
알못이라 질문함

",https://gall.dcinside.com/mini/board/view/?id=theatergoing&no=10465&search_pos=-13174&s_type=search_subject_memo&s_keyword=웃는 남자&page=1
dc,ㅇㅇ,2022.06.30 01:58:12,0626 뮤린이의 웃남 후기(스포없음),"

올해 데스노트로 뮤지컬 입덕해서 데스노트 자둘, 지킬앤 하이드 지방공 급하게 자첫자막가고, 엑스칼리버 라이브 본 뮤린이임
웃는 남자는 다른 넘버 모르고 그 눈을 떠만 알고 있었고 줄거리도 모르고 보러감
오글 빌리기 위해서 2시 공연으로 착각하고 11시에 갔는데 바발들이 4시라고 알려줘서 놀다 옴
알려줘서 정말 고마워
문제는 1시간 40분전에 도착했는데 오글 매진이더라... md 오글을 결국 구매함 
다른 바발들은 나처럼 오글 놓치는 일 없도록해 미리 오글 장만하는 것도 좋아보여
입장할 때 부터 무대가 너무 이쁘더라 
엄청 크고 예쁜 무대 처음이라 너무 설랬어
26일 16시 공연 배우분들 진짜 다 개성있고 역할 잘 살리고 넘버도 너무 잘 부르셨어
배우들 다 하나하나 쓰고 싶지만 나같이 자첫인 사람들을 위해 생략할게
사실 다 하나하나 쓰다가 내가 못잘것 같아
이날 오신 관객분들도 너무 호응 잘 해주셔서 재밌었어ㅋㅋㅋㅋ
천국에 계신 분들 최고였음
아직 자첫적인 바발이 있다면 스포 보고 가지마 스토리 이해하기 쉽고 안보고 가야 재미있는것 같아
자둘 자셋도 가고 싶지만... 시간이 없어서 자첫자막이 될것 같아.. 너무 아쉬워...
진짜 시간만 있었으면 배우별로 해서 자셋 갔다 
뮤린이 기준 존잼극이고 감명받고 감정이입 많이 했어 내가보기엔 나는 대극장 극 못벗어날것 같아
다들 웃남 자첫이고 고민중이라면 다음 티켓팅이라도 노리자

",https://gall.dcinside.com/mini/board/view/?id=theatergoing&no=10368&search_pos=-13174&s_type=search_subject_memo&s_keyword=웃는 남자&page=1
dc,ㅇㅇ,2022.06.26 02:40:00,ㅃ뭐임 상플갤임? ,"

지금 하는 극은 상플하면 안되는거 알고있지만ㅠ 우리집 애도 웃는 남자 할수있음 슬퍼도 웃상임
저 밑바닥에서 왔슴니다..

",https://gall.dcinside.com/mini/board/view/?id=theatergoing&no=8209&search_pos=-13174&s_type=search_subject_memo&s_keyword=웃는 남자&page=1
dc,ㅇㅇ,2022.06.25 17:42:09,웃는 남자 끝,"

 은언니 미쳤나? 
 내가본 6년간 가장 하이인데? 
 상원씬 웃남 미쳤다 
 - dc official App

",https://gall.dcinside.com/mini/board/view/?id=theatergoing&no=7794&search_pos=-13174&s_type=search_subject_memo&s_keyword=웃는 남자&page=1
dc,ㅇㅇ,2022.06.25 15:58:43,웃는 남자 인터,"

  은민신 레전 
  은언니 오늘 엄청 하이네 
 - dc official App

",https://gall.dcinside.com/mini/board/view/?id=theatergoing&no=7738&search_pos=-13174&s_type=search_subject_memo&s_keyword=웃는 남자&page=1
dc,ㅇㅇ,2022.06.23 11:13:49,끌올미안) 자리 질문 전에 참고할 글,"

공지사항에 해당글 있음 공지링크 
https://gall.dcinside.com/mini/board/view/?id=theatergoing&no=25&page=1
우선 엄청 도움되는 시야 정리 싸이트
https://musicalseeya.com/
자리불판 모음(기존 글에 지방공연장 몇개 추가함)
< 블루스퀘어 >
☆ 신한카드홀 ☆
현재극 : 아이다
https://gall.dcinside.com/theaterM/3339213
< 광림아트센터 BBHC홀 >
현재극 : 넥스트 투 노멀 - 자리불판은 이전 극 젠틀맨스가이드
https://gall.dcinside.com/theaterM/3180101
< 충무아트센터 >
☆ 대극장 ☆
현재극 : 데스노트
https://gall.dcinside.com/theaterM/3304627
☆ 중극장 블랙 ☆
이전극 : 나와 나타샤와 흰 당나귀 - 고흐자리불판 안보여 이걸로 가져옴
https://gall.dcinside.com/theaterM/2946114
< 세종문화회관 대극장 >
현재극 : 웃는 남자
https://m.dcinside.com/mini/theatergoing/5063
< 계명아트센터 - 대구 >
https://gall.dcinside.com/theaterM/3282198
<봉산문화회관 - 대구>
17년 키다리아저씨 당시 자리불판
https://m.dcinside.com/board/theaterM/2138179
<드림씨어터 - 부산>
(21 위키드) 
https://m.dcinside.com/board/theaterM/3063934
(22 하데스) 
https://m.dcinside.com/board/theaterM/3347138
< 홍익아트센터 >
현재극 : 킹아더 - 자리불판은 이전 극 곤투모로우로 가져옴
* 킹아더 자리불판 갤검이 안되어서 곤투로 가져온점 양해
https://gall.dcinside.com/theaterM/3196792
< 유니버셜 아트센터 >
직전극 : 썸씽로튼
https://gall.dcinside.com/theaterM/3217659
< 드림아트센터 >
☆ 1관 ☆
현재극 : 미오프라텔로
https://gall.dcinside.com/theaterM/3276348
이전극 : 해적
https://gall.dcinside.com/theaterM/3084880
☆ 2관 ☆
이전극 : 칠칠
https://gall.dcinside.com/theaterM/3189318
☆ 3관 ☆
현재극 : 은하철도의 밤(앵콜)
https://gall.dcinside.com/theaterM/3327793
이전극 : 유진과 유진
https://gall.dcinside.com/theaterM/3094971
☆ 4관 ☆
이전극 : 은하철도의 밤
https://gall.dcinside.com/theaterM/3195772
이전극 : 박열
https://gall.dcinside.com/theaterM/3104520
< 플러스씨어터 >
현재극 : 차미
https://gall.dcinside.com/theaterM/3320360
이전극 : 쿠로이
https://gall.dcinside.com/theaterM/3189284
< 예스24스테이지 >
☆ 1관 ☆
현재극 : 렛미플라이
https://gall.dcinside.com/theaterM/3286484
☆ 2관 ☆
현재극 : 최후진술
https://gall.dcinside.com/theaterM/3281740
☆ 3관 ☆
이전극 : 스톤 - 자리불판은 엘송으로 가져옴
https://gall.dcinside.com/theaterM/3191998
< 자유극장 >
현재극 : 스메르쟈코프
https://gall.dcinside.com/theaterM/3281731
이전극 : 엔딩노트
https://gall.dcinside.com/theaterM/3179809
<서경대학교 공연예술센터>
스콘1관이전극 : 블랙메리포핀스
https://gall.dcinside.com/theaterM/3177411
스콘2관 - 난세 상연예정
직전극 : 더테일 에이프릴 풀스
https://gall.dcinside.com/theaterM/3276195
<성남아트센터>
불판은 아니지만 참고할 만한 글
https://m.dcinside.com/board/theaterM/1802377
<유니플렉스>
☆ 1관 ☆
직전극 : 웨스턴스토리
https://gall.dcinside.com/theaterM/3273748
<정동극장>
직전극 : 쇼맨 - 자리불판은 가족이란 이름의 부족으로 가져옴
https://gall.dcinside.com/theaterM/3230720
<아트원씨어터>
☆ 1관 ☆
이전극 : 와일드 그레이
https://gall.dcinside.com/theaterM/3077405
☆ 2관 ☆
이전극 : 마우스피스
https://gall.dcinside.com/theaterM/3185725
<이해랑>
이전극 : 스프링 어웨이크닝
https://gall.dcinside.com/theaterM/3098983
끌올해서 미안

",https://gall.dcinside.com/mini/board/view/?id=theatergoing&no=6580&search_pos=-13174&s_type=search_subject_memo&s_keyword=웃는 남자&page=1
dc,ㅇㅇ,2022.06.18 22:22:41,그윈플렌은 모두의 세상이 될 수 있다고 믿었는데,"

새로운 나로 다시 태어나
어둠에 갇혀 고통받던 삶 끝이야
이제 난 뭐든 할 수 있지
세상을 구하는 영웅처럼
웃는 얼굴도 광대 노릇도
모두 끝났어 내 운명에 새 왕관이
갖지 못한 먼 미래 속의 꿈
이 웃음 위로 햇살이 비춰
버려진 아이들 가난한 사람들
잔인한 세상 용서하기를
하늘이 준 기회
하늘이 준 오늘
세상 밝히리라
끝도 없는 욕망에
길들여진 시선 속에
누군가의 지옥으로 세운 천국
검게 물든 꽂잎에
얼어붙은 생명에
영원한 빛을 밝혀 주리라
무너진 용기도 짓밟힌 희망도
잔인한 세상 용서하기를
하늘이 준 기회
하늘이 준 오늘
되찾은 내 삶에
 
세상 밝히리라
그눈을 뜨라고 외쳐도 비웃음 당하고
광기에 웃는 남자를 부르며 현실 자각하고
데아랑 같이 하늘나라로 가자나
 
잔인한 세상 용서하기를 ㅠㅠㅠㅠ
빅토르 위고 만만세 ㅠㅠ

",https://gall.dcinside.com/mini/board/view/?id=theatergoing&no=4860&search_pos=-13174&s_type=search_subject_memo&s_keyword=웃는 남자&page=1
dc,ㅇㅇ,2022.06.16 18:19:30,웃남 조시아나 서사? 심리?에 대해 같이 얘기할 바발 있니,"

그윈,데아,우르는 셋의 관계  
특히 그윈과 데아의 관계를 생각하면  
다 이해되고 결말도 충분히 납득되거든  
페드로야 뭐.. 그윈 호구 만들어서 등쳐먹으려다 걸린거고  
앤 여왕은 조시아나 결혼시켜서 재산 뺏으려 한거고  
데이빗도 나름의 서사가 있고  
근데 이상하게 난 조시아나라는 캐릭터가 잘 이해가 안돼  
캐릭터가 이상하다, 매력없다 이런게 아니라  
이 장면에서 조시아나의 심리는 어떤건지 감이 잘 안 잡혀  
자첫한거 계속 생각해보면  
제일 아쉽고 아리쏭한게 조시아나같아  
그래서 극 전체적으로는 웃남 너무 좋지만  
바발들이 말하는 서사, 개연성 부족이라는게  
이런걸 말하는건가 싶기도 하고...  
볼때는 우와하면서 봐서 몰랐는데  
복습하다보니 좀 아쉬운?  
조시아나는 솔로 넘버도 꽤 많은데  
- 묘한 기분 : 흉측한 얼굴의 그윈에게 빠져든게  
신기하고, 즐겁고, 새롭고 짜릿함  
(연인으로서가 아니라 노리개, 장난감으로 그윈이 맘에 든거)  
- 나와 닮은 사람(솔로는 아니지만) :  
'나와 닮은 사람  
진실을 깊이 숨겨둔 그 미소가  
슬픔에 젖어 거울 속 내 미소 같아  
내겐 보여'  
왜 그윈에게 나와 닮았다고 하는거야??  
조시아나도 겉으로는 하하호호 웃어도  
그 미소 밑에, 속마음은 다른 걸 숨기고 있다는거?  
속으로는 조시아나도 고민,걱정거리가 많은  
마냥 밝지만 않은 캐라는건가  
(여왕의 한마디에 인생이 좌지우지 되는 자기 신세  
사생아라 그래도 뒤에선 욕먹거나 불합리한게 있었다든가 등?)  
자첫할때는 잘 몰랐는데  
가사 다시 보면서 다시 들으니까  
'내겐 보여' 이 부분이  
그윈 너도 안타까운 애구나, 힘들테니 내게 와하고  
하는거 같기도 한데... 
(진짜 딱해서가 아니라 그러니 나한테 와서 
돈이나 받고 나랑 놀아) 
- 내안의 괴물 : 그윈플렌 니가 감히 날 거절해?  
내 안의 괴물 = 분노, 욕망  
'신은 내게 축복을 주는 대신  
날 괴물로 만들었어  
한같 인간은 이런 날 감당할 수 없어'  
날 이렇게 평범한걸로는 만족 못하는  
욕망많은 괴물로 만들었어?  
- 앤 여왕이 조시아나와 클랜찰리 공작(그윈)과의  
결혼을 명령했을 때 :  
이때가 제일 이해 안됐어  
그윈을 원했다가, 그윈이 자길 거절해서 화나있었고  
다시 만나니까 덮칠...정도로 좋아했으면서  
갑자기 여왕이 결혼하라하니까 갑자기 떨떠름?  
기분 상함?  
자첫때는 좀 애매해서  
내가 그윈을 원했던 건 맞는데, 정작 그게  
또 여왕의 명령이 되니까 내가 원해서 된게 아니라  
강압적이라서 싫고, 내가 그렇게 극혐하는  
언니 앤 여왕의 명령대로 살아야하고,  
그윈의 의지로 내게 온게 아니라 싫은건가했는데  
그렇다해도 조금 애매..? 내가 이해한게 맞나 싶고  
- 상원, 그 눈을 떠, 웃는 남자 부르고 난 후 :  
그윈이 상원에서 말한거에 충격+설득받은거까진 알겠는데  
귀족 중의 대귀족  
자기가 하고싶은 대로 다 누리고 살던 조시아나가  
갑자기 ㅇㅇ.. 그윈 니 말이 다 맞아하고  
급 회개 모드? 반성모드가 되니까 좀 어..?  
물론 상원에서 계속 그윈한테 집중하고, 표정 변하는 연기는 좋았어  
차라리 조시아나도 귀족사회에 반감을 가지고 있었고  
사치도 덜 부리고..? 삶에 회의감을 느끼는걸  
더 보여줬다면 납득이 잘 됐을거 같아  
- 내 삶을 살아가 :  
한번에 귀족의 삶을 때려치우고 가는 그윈을 보고  
저 그윈플렌도 하는데, 왜 난 행복하게 살질 못하나  
그윈처럼 내려놓고 정해진 길을 벗어나서 살아야해  
인데 음.... 조시아나가 불행한 것도  
언니인 앤 여왕이랑 싸우는거  
+결혼 강제로 정해진거밖에 모르겠고..  
극중에서 조시아나가 부를 내려놓으려고 한 적이 있나..  
위에서도 말했지만 조시아나가 사치에 반감을 가지는?  
그런게 약간 있었어도 좋았을듯  
가든파티에서 그런걸 보여주거나  
그윈을 대할 때 좀 더 동정감? 연민을 보여주거나...  
쓰고 나니 답정너같이 내 느낌만 길게 쓴거같은데  
혹시라도 그윈과의 결혼을 명령받았을 때,  
상원, 내 삶을 살아가에서의 조시아나 기분  
어떻게 느꼈는지 자유롭게 같이 얘기할 바발 있니?  
나는 자첫때 향시아나 봤는데 신시아나랑  
노선 차이 크게 없다는거 같아서..  
조시아나들 심리 어떤거 같아??  

",https://gall.dcinside.com/mini/board/view/?id=theatergoing&no=3889&search_pos=-13174&s_type=search_subject_memo&s_keyword=웃는 남자&page=1
dc,ㅇㅇ,2022.06.12 21:59:59,0612 웃남 낮공 후기(스포있음),"

캐보랑 티켓 인증  
세종 광활하다 멀다는 얘기가 너무 많아서  
엄청 걱정했었는데  
내 생각보다 엄청 가까운데.....?  
20배율 오글 써야할 줄 알았는데 10배율 써도 충분  
하지만 난 아이비노 두잉 쓰다 그냥 나시카 들었어  
더 크게 보이는게 좋아서....  
자리는 1층 D블럭 9열  
(10열인줄 알았는데 좌석배치도 보니 9열이네)  
E열과의 통로 근처였는데  
크게 가리는 곳 없이 잘 보였어  
음향도 제일 첫씬 콤프라치코스 할아버지  
말 잘 안들린거 말고는 좋았어  
자첫이라 디테일은 많이 못 챙겨봤고  
개인적인 감상, 추측 위주라  
이걸 후기에 써도 될지..  
나 원래 눈물샘 잘 열려서 그런지  
어린 그윈 나올때부터 마음 아파서 이미 눈물 맺혔어  
콤프라치코스들 바다에 가라앉으면서  
편지 넣은 병이 위로 뜨는 걸  
천 같은 걸로 가리면서 하는 연출 좋았어  
근데 콤프라치코스 새끼들 죽을때되니까 
어린 아이에게 한 짓은 뭐 신한테 하는짓? 
암튼 큰 죄라면서 그제서야 후회하는데 
저런 놈들은 곱게 익사시켜 죽일게 아니라 
더 끔찍하게 살게 해야하는거 아닌가.. 
민우르 어린 그윈한테 썩 꺼지랬나?  
어디로 가랬나? 아무튼 그래놓고는  
빨리 안 들어오냐고 뭐하냐고 하고,  
그윈한테 감자 주면서 빨리 처먹으라더니  
또 빨리 처먹지 말라고 하고  
걱정하면서 잘 챙김  
처음엔 그윈이 데아 데려온거  
짐덩이를 하나 더 데려왔네라면서  
투덜투덜하더니 잔인한 세상 부르면서  
계속 데아 쓰담쓰담 그윈 토닥토닥하는거 보면  
애기들 엄청 좋아함  
그윈이 데아 안 데려왔으면 덜 좋아했을듯  
가든파티에선 앤여왕 등장한다니까  
향시아나 엄청 싫어하는 표정 짓고  
음..타민데이빗이랑 향시아나 투닥투닥  
귀엽게 잘 노는거 같던데  
만약 둘이 결혼했어도 잘 살았을거 같아  
불호까진 아닌데 타민데이빗 여럿이서 부를 땐  
소리가 좀 묻히는 것 같았어  
유랑극단 공연 때 민우르가  
1층 함성 지르래서 어...? 질러도 되나 싶어서  
다들 망설이는거 같았는데  
함성 맘에 안드니까 1층 다시 지르라고 하고  
2,3층 지르라고 하고ㅋㅋ  
이거 양우르도 그러나?  
은윈 처음 등장했을 때  
와 진짜 예쁘다는 생각 들었어  
대사톤은 지킬보다는 좀더 어려졌어  
동작도 크게 크게 해서 더 애같음  
대혼란을 무찌르다에서  
우르가 얘기하는 극 내용에 맞춰  
아주 작은 어린아이!할 때 폭 쭈그려앉았다가  
쑥쑥 커!할 때 커졌다가 발 동동 굴렸다가  
놀랐다가 아무튼 그런거 귀여웠는데  
유랑극단 무대 부서질까봐 걱정했다..  
소리데아랑 은윈 나위천 부르면서  
은윈이 계속 데아가 하는 동작 따라하는데  
맑은 음색 × 맑은 음색 미쳤다  
아 일단 그냥 극 시작때부터 맺혔던 눈물이  
둘이 나위천 부르니까 그냥 또 주륵 흐르고ㅠ  
내 눈물샘 좀 잠궈줘  
그리고 은윈 꽃받침 진짜 자주함ㅋㅋㅋ  
나위천 끝나고 결투 하기 전에도 했던거 같고  
궁전 부를 때도 민우르한테 데아의 꿈을 지켜줘?라고 하면서  
민우르가 잔소리 하니까 모른척+이쁜척 하느라  
꽃받침하고  
민우르는 애기들 너무 좋아하고 특히 은윈 꽃받침에 약한가봐  
은윈이 그 상황 넘기려고 꽃받침하는 느낌  
아 그리고 논란의 마이크 사고  
은윈의 휴 잘 넘겼다?  
난 그거 대사인줄 알았는데...ㅋㅋㅋ  
향시아나가 은윈 보고 맘에 들어서  
묘한 기분 부를 때인가?  
밑에 있던 타민데이빗이 향시아나한테 주려고  
장미 들고 있다가 돌아가는데  
타민데이빗은 단순히 신분 상승을 위해서가 아니더라도  
향시아나에게 마음이 있었던거 같은데..  
향시아나가 은윈 불러서 갈 때도  
소리데아는 계속 그 자리 안 떠나고 망설이는게  
은윈이 이제 안 돌아올거라 생각하는거 같았어  
향시아나가 은윈 유혹하고 만질 땐  
은윈은 이게 성적으로 뭔지는 모르겠는데  
그냥 낯설고 당해본 적 없는거라 피한 느낌이었어  
향시아나에게 품은 감정은 이성적 호감보단  
처음 느껴보는 신체적인 감각?이 낯설기도 하고 그런거였을듯..  
캔잇비 부를 땐 은윈 우는거까진 아니어도 눈물 맺혔던 것도 같은데  
극중 내내 눈가가 촉촉해서  
잘못 본건가 싶기도..  
일단 데아야 눈이 안 보여서 자기 얼굴을 끔찍해하지않지만  
자기 얼굴을 보고도 관심가지는 향시아나때문에  
이 얼굴을 봐줄 사람이 있다는게 설레면서 낯선거 같았어  
행복할 권리 부를 땐 민우르한테 대드는 모습이  
사춘기 소년같았어  
민우르도 은윈한테 ㅉㅉ 현실도 모르는 것 닥치고 현실을 봐보단  
은윈이 더 상처받을까봐 현실은 그게 아니야라고 말하려는건데  
나름 상냥하게 말하려한거 같은데  
사춘기 은윈한텐 아 꼰대 아버지 싫어였을듯  
타민데이빗이 데아한테 헛짓거리하려는 장면  
소리데아는 데이빗이 자기한테 하려는 짓이  
뭔지도 모르는 거 같았어  
그래서 계속 누구냐고, 이게 뭐지..? 뭐하려는거지 하다가  
뒤늦게 이건 아니다 무서워서 피하고..  
민우르는 데아 위로해주고 싶은데  
데아가 너무 소중해서 뭐라 위로해줘야할지도 모르겠고  
괜히 몸 건드렸다가 데아가 더 놀랄까봐  
이도저도 못 하는거 같고..  
눈물은 강물에때도 언니들이 위로해주니까  
괜찮은 척 하긴 해야하는데  
안 괜찮고, 그냥 그윈플렌이 왔으면 하는거 같았어  
그윈플렌이 와야만 안심될거같은 그런거  
그러다 춤추고 그러면서 잠시 잊은.  
아 그리고 은윈이 데아 부를 때  
데아!가 아니라 데아야~하고  
상냥하게 부르는게 그냥 치이더라..  
아 그리고 페드로는 그윈플렌을 공작으로 내세워서  
하고싶은거 다 하고싶게 방치하면서  
자기는 자기대로 잇속 챙기려고 한거 맞아?  
순수한 호의라기보단 좀 쎄하던데  
공작 성에 들어와서 처음으로 푹신한 이불에  
좋은 잠옷 입은게 안 익숙한지  
처음에 일어날 때 잠옷 자락 밟고 약간 휘청거리는거 같기도 했고  
시종들이 옷 입혀주기 전에도  
뭔지 몰라도 빨리 해달라고  
시종 3명 한명씩 톡톡톡 건드리는거 귀여웠어  
침대에서 방방 뛰는 것도.  
그리고 과거를 잊는다는 것도 데아와 우르수스를 잊겠다는게 아니라  
고생했던 과거는 버리고 이젠 데아와 우르수스도 덜 힘들게 하고  
같이 행복하게 하고 싶었던거 같은데 페드로가....  
성에서 향시아나 만나서  
향시아나가 다시 덮치고 옷 벗기고 할 때  
분수? 침대 위?에서 바이올린 연주하는 분한테  
살려달라고 하는거 같아서 웃겼어ㅋㅋ  
향시아나 침대 위에서 밑으로 거꾸로 매달릴 때도  
무거워죽겠다는 표정하며.  
향시아나는 은윈이 공작이 돼서  
자기와 결혼하게 되는게  
자기가 마음에 들어했던 은윈이지만  
은윈의 자유의사가 아니라  
앤여왕의 명령때문에 부부가 되는거라  
싫어한거 같고  
막은 안 올라땐 민우르는 관객이나 돈 때문에  
공연하는게 아니라 그윈플렌 없는거 들키면  
우리 금쪽이 데아가 상처받으니까  
데아가 모르게하려고 은윈있는 척 극 올린거 같았고  
소리데아는 앞도 안 보이면서 계속 무대 위에서  
그윈플렌 찾는 척 밖을 내다보고..  
민우르도 그윈없어서 민우르 맘도 찢어진다 찢어져  
무너져 내릴 마음 부르면서도  
데아 무릎에 눕히고 얘기하는데  
아직 민우르한테는 데아도 그윈도 너무 작고 소중한 아가인데  
민우르가 데아를 처음 봤을 때도 심장이 약하댔는데  
데아가 부서질까 사라질까 언제 잘못될까  
애타고..  
모두의 세상 때 은윈이 회상하는 과거 모습에서  
민우르가 사람들한테  
아무리 우울할 때라도 이 웃는 얼굴만 보면 행복해지지?라고  
했던거 같은데  
그건 그윈의 찢긴 입을 비꼬고 조롱하는게 아니라  
정말 사랑하는 내새끼 얼굴만 봐도  
나는 행복하다는거 같아서 민우르 진짜 마음으로 키운 내새끼 모드ㅠㅠ  
은윈한테는 그런 것도 동기가 된거 아닐까  
아 그리고 데이빗이랑 은윈 싸울 때  
데이빗이 은윈 입 더 찢어준댔나?  
암튼 은윈 트리거 제대로 건드려서  
은윈 표정 싹 바뀌는데 은하이드 되는 줄 알았음  
그리고 중간에 계단 같은거 올라가서 싸우는데  
은케니 밀크 생각났다.... 오늘은 우유가 없습니다..  
그리고 타민데이빗도 캔잇비랑 비슷한 노래  
행복해질 권리? 불렀는데  
그때 중간에 타민이 박자 조금 빨리 가서  
오케랑 엇나지 않았어?  
상원의원 회의때  
진도희 앤 여왕이 상위 일프로~~~~하고 끄니까  
이제 끝인줄 알고 다들 끝!인 척 했는데  
안 끝나서 다시 포즈 잡다가 끝인 척 하다가 반복  
그러다 진짜 일프로 끝내고 나니까  
앤 여왕 쓰러지는거 웃겼어  
그눈떠  
거짓을 꿰뚫어 봐 이제는 그 눈을 떠봐~~~~~~~아!!  
은윈때문에 종교차릴 뻔  
그리고 상원의원들한테 애절하게 설득시키려는거 보고  
타극이지만..지킬에서도 이사회에 그렇게 얘기했음  
반대 덜 나오지 않았을까하는 생각도 들었어  
그 다음 바로 웃는 남자 이어지면서  
안그래도 아까 타민데이빗이 은하이드 건드렸는데  
산타 푸들들이 또 건드려서  
컨프롱인줄  
지킬이었으면 하이드가 신나서 한마리씩 다 처리하고  
회의장에 기름 뿌려서 다 태웠을 걸  
향시아나는 자기도 사생아라서  
눈칫밥 먹으면서 살아와서 그런가  
은윈 말에 공감하는거 같았어  
만약, 진짜 만약에 은윈과 향시아나가 결혼했다면  
향시아나도 은윈 도와서 하층민들 기부 많이 했을거같기도  
다행히 나는 나시카로 봤는데도  
은윈 립스틱 이에 묻은건 못 봤다..  
못 봐서 다행이다...  
마지막 엔딩땐 진짜 눈물 주르르륵ㅠ  
은윈도 눈물 주르르륵ㅠ  
야 은윈 너 진짜ㅠ  
민우르한테 말도 안 하고 그렇게 혼자 바다로 들어가버리냐ㅠㅠ  
민우르한테 작별 인사라도 하고 가지ㅠ  
민우르 은윈 목도리 꼭 껴안고  
금쪽이들 다 잃고ㅠ  
마지막 엔딩땐 세종이라서 진짜 무대가 크고 화려하고  
광활하고 예뻐서 너무 좋았어  
특히 은윈이 학다리..?  
뭐라고 하냐 그거 한쪽 다리로 서고 한쪽 다리는 살짝 굽히는거  
진짜 무슨 요정인줄  
보라색 천 넘실대는 하늘도 너무 예쁘고  
은윈이랑 데아 실루엣도 진짜 예뻤어  
커튼콜때 끝인 줄 알았더니  
달빛 배경 띄워주면서  
은윈, 민우르, 소리데아 덩실덩실 춤추는데  
난 왜 그것도 맘 아프냐ㅠ  
은윈이랑 소리데아가 건강히 잘 컸다면  
나중에 셋이서 술 먹고 그렇게 덩실덩실 춤추고 놀았을거같은데  
현실은 민우르만 남은거라서....  
아 그리고 바이올린 연주하시는 분  
흉내만 내는건 줄 알았는데 라이브라며..?  
와 난 그분 무대에 계속 나오는 연출도 진짜 좋았어  
그리고 너무 훌렁훌렁 자꾸 벗고  
보이고 그래서  
표정 보려고 오글 들었다가 당황해서 계속 내렸어ㅋㅋㅋ  
나는 웃남 넘버도 그렇고 스토리도 제대로 취저인듯ㅠ  
지금 표 2개만 남았는데 더 회전 돌아야겠어  
뉴깡도 궁금해  

",https://gall.dcinside.com/mini/board/view/?id=theatergoing&no=1862&search_pos=-3174&s_type=search_subject_memo&s_keyword=웃는 남자&page=1
dc,ㅇㅇ,2022.06.12 18:23:07,은언니 웃는 남자 은각목각이야?,"

클라이막스에서 뚝딱거리면 답안나오는데 
담주 금욜 자첫까지 기다리기 힘드네 
 - dc official App

",https://gall.dcinside.com/mini/board/view/?id=theatergoing&no=1770&search_pos=-3174&s_type=search_subject_memo&s_keyword=웃는 남자&page=1
dc,ㅇㅇ,2022.06.12 11:07:52,웃는 남자 소설로 접하고 뮤지컬은 이번에 처음 봤는데,"

아무래도 뮤지컬이라 그런가 스토리에서 불필요하다 싶은 부분은 가지치기를 많이 했음(물론 작가가 위고인 점은 감안) 그래서 그런가 장면이 이어지는 부분에서 개연성이 좀 부족하다고 느낀거랑 인물들의 서사가 빈약해진게 좀 아쉬웠다고 생각함, 별개로 노래는 정말 잘 불러서 귀는 호강하고 왔음

",https://gall.dcinside.com/mini/board/view/?id=theatergoing&no=1622&search_pos=-3174&s_type=search_subject_memo&s_keyword=웃는 남자&page=1
dc,ㅇㅇ,2022.06.12 04:20:11,0611 웃는남자 낮공 자첫 극위주후기 ,"

웃는남자 11일 낮공
 
깡윈 소리데아 민르수스 신시아나 첫공을 보고 와서
 
처음 후기를 올려봐.
 
자첫의 뻘소리야 그런데 좀 많이 긴… 좀 많..이..
길어서 배우얘기는 빼고 극 위주의 후기인데 초연부터 봐온 갤러들 앞에서 자첫주제에 뻘소리도 길게 하는구나 싶네.. 걍 극이 길다 보면 별별 감상도 다 있군 하고 이해해줘! 실수한게 있으면 부드럽게 고나리 부탁할게.
본진은 없고 하데스 애배들 차기작을 따라 돌고 있거든. 뉴깡의 인생캐가 깡올페냐 깡윈이냐 확인하고 싶어서 자연스럽게? 첫공대원으로 합류하게 되었어. “경들…” 박제넘버도 아주 좋아해서 거기 나오는 상원 무대도 빨리 보고싶었고. 그리고 무엇보다!! 웃남이 갤에서 꿀노잼으로 아주 유명하길래.. 내가 이미 3장이나 쥐고 있는데 어쩌냐고… 대체 그게 뭔 맛인지 확인하고 싶었음 ㅎㅎ
재미
결론부터 얘기하면 생각보다 슴슴히 맛있었다? 이게 영상 돌아다니는 거나 실제로도 무대장치보면 돈 많이 쓴 대극인데 맛은 의외로 슴슴 아기자기 계열이라고 해야 하나? 무대는 엄청 아름답고 이야기 전개는 좀 지루했는데 천천히 스며드는 맛이었음. 재미없게 재밌어 뭐래.. 그래서 이게 대체 뭔지 싶어 후기로 정리 해보게 됨.. 
 
주의-음향
가사 예습없는 자첫인데 음향퀄이 별로라 몇군데 잘못 알아듣고 헛소리 있을 수 있음ㅜㅜ
 
그윈플렌의 웃음/오락
부자들의 낙원은 가난한 자들의 지옥으로 만들어진다고 계급적인 얘기로 시작해서 여기도 혁명맛인가? 예상했는데 결론까지 보고나니 개인적으로 흥미롭게 와닿은건 인생의 행복과 불행이 웃음/오락이라는 관점에서 오락가락하는 순간들이야.
 
가난한 자들의 불행을 오락거리로 삼는 귀족들의 행태와 이 못지않게 이웃과 타인의 불행을 구경거리로 삼는 역시 가난한 자들, 그 모든 것이 투영된 주인공 웃는 남자가 웃음의 대상이/배우가 되어 생계를 이어 가다가 자신의 행복할 권리, 행복한 웃음을 갈망하는 여정에 관한 이야기로 느껴졌어. 물론 계급고발 성격이 짙게 깔려 있지만. 우르수스의 꾸짖음에도 불구하고 행복을 추구하는 그윈은 궁에 들어가 귀족을 만나면 행복할 것 같다가, 자신이 진짜 귀족이 되어 행복한 것 같다가, 결국 데아와 함께함이 최고의 행복이라는 선택을 보여주는.
 
이 마지막 선택인 자살이 비약적이라 뜬금없다는 평도 이해는 돼. ㅎㅎ 우르파파ㅜㅜ.. 극에서 얘기하는 행복은 결핍이 채워진 상태 같은데, ‘인간은 완벽하지 않기 때문에’ 그 누구도 (조시아나도!) 그 언젠가도 결핍은 존재하기 마련이고 자신의 가장 큰 결핍이 채워지는 순간이 가장 큰 행복이라는 깨달음이랄지 평소의 척척 실천이의 자세랄지 암튼 그런 연유로 그윈이 계급과 부를 갈망하고 받아들여 보았다가 ‘사랑을 주는’ 데아와 가족들에게 돌아가는 것과 곧이어 자신에게 가장 큰 결핍을 채워준 (그래서 내 삶의 전부) 데아를 따라가는 것은 같은 흐름이라는 생각이 들어. 누군가의 불행이 다른이에게 웃음/오락이 되는데 나의 행복은 나의 웃음/오락이 아니게 될 때의 충격이 결말에 있었달까… 이게 위고의 짓궂은 점이라는 생각이 드는데… 하필 또 뮤는 무대가 있고 무대는 왜 그렇게 눈물나게 예뻐가지고 ㅜㅜㅜㅜ
 
불행한 과거사건으로 웃는 얼굴을 가진 아이, 가난의 모자람이 있었지만 사랑의 모자람은 없던 걸 깨닫게 된 남자가 자신의 가장 큰 사랑이 가는 자리로 따라가는 ㅠㅠ 우르수스도 데아가 깨어나길 기다리며 극단 사람들을 모아뒀으니까 죽은 데아의 곁을 지켜주러가는 그윈을 말리지 않은 거겠지 ㅜㅜ
우르수스는 뭐가되냐… 나도 민르수스의 뒷모습을 보고 가섬에 피눈물이 흐르긴 했지만 ㅜㅜ… 아래 글에 댓으로도 짧게 단 적 있는데 난 엔딩에서 둘의 죽음이 바다의 거품처럼 사라지듯 끝나는 게 아니라 우르수스의 불행으로 남아서 그걸 관객이 뮤지컬이라는 오락으로 목격하게 하는게 메타해서 좋더라고. 극 속의 극에서 이웃의 불행을 구경거리 삼는 관중이 된 것처럼. 죽음을 두고 좋다고 해서 싸패같네 미안 우르파파ㅜㅜ… (영미소설 알못이지만 위고의 소설이 대중소설의 확산과 겹쳤지 않았을까 싶은데 원작소설도 이렇게 관객의 존재를 생각했을까 그런 뻘생각도)
조시아나의 선택
행복=결핍이 없는 상태를 가장 잘 보여주는게 조시아나라는 생각이 들었어. 조시는 모든 것을 가졌지만 무언가 부족해 무언가 불행하지. 극 속의 오락극을 보러갔다가 그윈을 보고 알게 되지. 그건 아마도 사랑이라는 ‘스스로의 갈망과 선택’인데, 그윈을 통해 내면의 괴물을 끄집어내면(또 하나의 오락을 통해) 솔직한 욕망을 따라가 그 무언가를 찾을 수 있을 것 같다가 (넘버 아무말도 였나?) 숨겨진 출생의 비밀이 발견되어, 여왕의 명으로, 자신의 욕망을 따라가지 않아도 그의 곁에 있게 된 그윈은 그에게 더 이상 ‘선택’하는 행복이 아냐. 그윈이 곁에 있어도 행복해지지 못하는 조시아나는 죽어도 데아와 함께 있는 게 행복이라는 그윈의 선택을 반대로 예감하게 했을지도. 그윈과 데아를 거두길 선택한 우르파파의 사랑과 비교될지도. 조시아나의 캐릭터가 매력적으로 흘러서 속으로 그윈조시 밀면서 나울어 ㅜㅜㅋㅋ 
 
데아와 데이빗
 
상대적으로 아쉽게 느껴진건 데아와 데이빗의 캐릭터였는데 이건 내가 자첫으로 따라가기 바빠서 놓쳤을 수 있지만 캐릭터들의 설정이 상대역할을 위해 존재한다고 해야 하나 입체성이 조금 떨어진다는 느낌을 받았어. 이건 내가 자둘을 해봐야…
 
바다
 
극에서 앞뒤로 바다가 두 번 나오잖아. 애기 그윈에게 해코지 했던 xxx 무리들이 신의 벌을 받는다며 자결했는데 마지막 그윈의 자살은 신의 벌 보다는 자신의 의지로 여겨져서 이게 좀 연결이 아리까리하네… 내가 xxx무리와 귀족들의 관계를 잘 이해못했는데 이것도 자둘해봐야 좀 더 명확해질듯 ㅜㅜ… 
   
 
무대/연출
솔직히 무대 유명하다는 거 치고 시작 배경과 처음 바다 멸망씬은 그저 그랬는데 그윈이 데아 데려오는 장면 눈쌓인 풍경이자 눈보라이자 죽은 이들의 유령같은 앙들 움직임부터는 넉 놓고 봄 무대 개예쁘다는게 세트 화려한 것도 있는데 이렇게 그림동화적인 요소가 쥰나 좋았음ㅜㅜ
 
이게 우르수스네 극 속의 극으로 다시 나오고 인형극처럼 눈가루 뿌리고 별 반짝이는 효과 같은 것도 너무 취저고ㅜㅜ 조시아나 둥근 의자의 유머나 2막의 거대한 침대 통통씬도 개귀엽고. 아 여관 극장에서 조명 내리는 앙이나 조시 둥근 의자 뒤에서 부채 흔드는 앙 어두운 옷 입은 사람으로 쓰는 것도 너무 좋아..ㅋㅋ 그윈 엄빠 액자장면도 무디가 또… 하면서 봄 ㅜㅜ 어느 넘버더라 새 운명이 열리면 지난 운명은 닫으라는 조언 버리고 궁의 운명과 여관타운의 운명을 연결하겠다는 의지에서 나무숲과 커튼이 뒤섞인 장면 연출도 너무 좋고 ㅠㅠ 
 
아래에서 위로 올려다 보는 듯한 상원씬은 영상으로 보고 엄청 기대했는데 직접봐도 너무 좋았다!! 카페트 계단만 좀 더 있어보이는 걸로 바꿨으면 ㅋㅋ…
  
슬프게도 마지막씬이 제일 아름다운거 인정….. ㅠㅠㅠㅠ…..
  
뱃지 안모으는데 뱃지살뻔 ㅜㅜㅜ…
  
아맞다 아기들은 인형 티 안나게 어색하게 드는 거 보다 영화 아.네트처럼 아예 티나게 인형으로 사용하는게 어떨까 싶기도.
     
아마도 전캐슷찍으면, 회전 돌다보면 내용을 다르게 이해하게 될수도 있겠지? 일단 잡아 놓은 표는 볼 거 같은데 추가 티켓팅하려니 벌써부터 스트레스긴 해 ㅋㅋ…. 마무리를 못하겠네..
  
게을러서 후기 정리 안하는데 쓰면 헛소리로 끝을 못내서 그런가봐. 긴 글 읽어줘서 고마워!

",https://gall.dcinside.com/mini/board/view/?id=theatergoing&no=1591&search_pos=-3174&s_type=search_subject_memo&s_keyword=웃는 남자&page=1
dc,ㅇㅇ,2022.06.11 19:12:57,ㅃ 혼할배 넘버 중에 ,"

넘버 웃는 남자도 데놋 불쌍한 인간이던가 사신 넘버 생각나
 
머릿속에 혼할배 혼종 세계관 생길 듯 ㅋㅋ
 

",https://gall.dcinside.com/mini/board/view/?id=theatergoing&no=1265&search_pos=-3174&s_type=search_subject_memo&s_keyword=웃는 남자&page=1
dc,ㅇㅇ,2022.06.11 16:14:02,웃는 남자 마지막 장면 불편할 수도 있는 거,"

와이어 하나에 의지해서 떠 있는데
높이도 높은데
바닥에 쿠션이 없어... 맞지?
괜찮은 걸까

",https://gall.dcinside.com/mini/board/view/?id=theatergoing&no=1192&search_pos=-3174&s_type=search_subject_memo&s_keyword=웃는 남자&page=1
dc,ㅇㅇ,2022.06.10 11:30:16,ㅇㅅㅌㄱ 웃는 남자 D-DAY 쿄윈,"


",https://gall.dcinside.com/mini/board/view/?id=theatergoing&no=442&search_pos=-3174&s_type=search_subject_memo&s_keyword=웃는 남자&page=1
dc,ㅇㅇ,2022.06.09 19:00:08,ㅇㅅㅌ 웃는 남자 MD,"


",https://gall.dcinside.com/mini/board/view/?id=theatergoing&no=29&search_pos=-3174&s_type=search_subject_memo&s_keyword=웃는 남자&page=1
